date,fears25,fears30,fears35
7/1/2004,-0.0883457891145487,-0.10442150098033,-0.218879011402103
7/2/2004,-0.061913945,-0.28946953,-0.378580781
7/6/2004,0.151545465,0.262071419,0.4211056552
7/7/2004,0.8625170919,1.0707854486,0.821883625
7/8/2004,-0.013028331,-0.190429037,-0.275630471
7/9/2004,0.1903671562,0.199431057,0.2910958221
7/12/2004,-0.005322396,-0.021732373,0.048125185
7/13/2004,-0.448097801,-0.399415947,-0.327846122
7/14/2004,-0.657911691,-0.649741765,-0.68326931
7/15/2004,0.700164129,0.7424962909,0.6977809913
7/16/2004,-0.320776701,-0.443328198,-0.524797037
7/19/2004,-0.018173321,0.056165092,0.0834723467
7/20/2004,0.1594218009,0.0831080253,0.0600510617
7/21/2004,0.2614819912,0.1576684704,0.3366554451
7/22/2004,-0.519628901,-0.493338792,-0.49909266
7/23/2004,0.2346240825,0.3128387352,0.3136782045
7/26/2004,-0.1749046,-0.228315274,-0.222159964
7/27/2004,0.0641357066,0.1102070656,0.1343068697
7/28/2004,-0.516702216,-0.50787545,-0.485000294
7/29/2004,0.0954795581,0.11743141,0.0301274355
7/30/2004,0.3176099687,0.4304607694,0.4102888621
8/2/2004,-0.367930142,-0.370588141,-0.215875469
8/3/2004,0.2826025447,0.1997363126,0.1751903079
8/4/2004,-0.328578256,-0.203966856,-0.278419993
8/5/2004,-0.000417754,-0.11306705,-0.045380738
8/6/2004,0.5120013617,0.570975937,0.4745965058
8/9/2004,-0.006718793,-0.076596125,-0.036489121
8/10/2004,-0.101281309,-0.188610579,-0.155523198
8/11/2004,0.1112984858,0.0672652291,0.129764957
8/12/2004,-0.330509447,-0.137141406,-0.216366239
8/13/2004,0.0318487341,-0.095926071,-0.046712103
8/16/2004,-0.153215118,-0.109935168,-0.139566319
8/17/2004,0.0339325153,-0.222086481,-0.202124297
8/18/2004,-0.077737373,0.1222083604,0.1075020394
8/19/2004,0.2883854211,0.2607630551,0.3035911571
8/20/2004,0.0859116411,0.0289120495,0.072304316
8/23/2004,0.1012334451,-0.05803192,-0.218369701
8/24/2004,-0.474795704,-0.269465024,-0.10270109
8/25/2004,0.1698884538,0.1073698448,0.0744285793
8/26/2004,0.155665594,0.4480767309,0.274752988
8/27/2004,0.123742838,0.144657486,0.0868930743
8/30/2004,-0.13870592,-0.191811793,-0.09308524
8/31/2004,0.3283545147,0.2988120926,0.3279099073
9/1/2004,-0.374523126,-0.318132436,-0.303951997
9/2/2004,0.2535683371,0.1255996917,0.0466098193
9/3/2004,-0.831285447,-0.624853364,-0.470387431
9/7/2004,0.82597802,0.8022165539,0.6623044253
9/8/2004,0.5357102415,0.4738664659,0.512330061
9/9/2004,-0.513775003,-0.495680461,-0.611120922
9/10/2004,0.0305630699,-0.034662073,-0.021915722
9/13/2004,0.2032779291,0.1474465305,0.1730250323
9/14/2004,0.0932009177,0.0276227533,0.0255432269
9/15/2004,0.3660903212,0.3652676085,0.4008490086
9/16/2004,-0.691706508,-0.596656525,-0.52698577
9/17/2004,0.0969100196,0.0208671682,-0.135336815
9/20/2004,-0.079493705,-0.057183341,-0.014200961
9/21/2004,0.2711101143,0.2738383747,0.291437488
9/22/2004,-0.056990875,-0.117604213,-0.097742639
9/23/2004,-0.217844587,-0.008501652,0.0195230629
9/24/2004,0.0405131556,0.0089837043,-0.184211736
9/27/2004,0.0213506908,-0.138972743,-0.097768357
9/28/2004,-0.043343583,-0.055714464,0.0635836717
9/29/2004,-0.188442507,-0.187784702,-0.282860705
9/30/2004,-0.426861589,-0.415119675,-0.206036855
10/1/2004,0.0559186210569073,0.121688897831249,0.122465487196926
10/4/2004,0.0976855252,0.0441813531,0.1218168025
10/5/2004,-0.014938606,0.0137885856,-0.011211297
10/6/2004,-0.095217003,-0.033957227,-0.131899571
10/7/2004,-0.009939053,-0.050340582,0.0309678082
10/8/2004,0.3047103743,0.3341692497,0.2965010535
10/11/2004,-0.091313186,-0.32621649,-0.301440349
10/12/2004,-1.01031263,-0.868899328,-0.8709324
10/13/2004,1.5410120377,1.5552843984,1.4234017437
10/14/2004,-0.778247039,-0.587505819,-0.42909357
10/15/2004,0.207819429,0.1030949393,-0.003686988
10/18/2004,0.2072404602,0.1191382769,0.105228239
10/19/2004,0.2796953036,0.2565648738,0.2653570887
10/20/2004,-0.20839478,-0.206668161,-0.183721693
10/21/2004,0.0060808624,0.0042842741,0.0608445302
10/22/2004,-0.080546641,-0.139769226,-0.12224766
10/25/2004,0.2687267724,0.4362358545,0.4197098141
10/26/2004,-0.158672644,-0.348341088,-0.318357427
10/27/2004,-0.423288478,-0.269413435,-0.326273747
10/28/2004,0.371570425,0.2152178463,0.1776478184
10/29/2004,-0.385460696,-0.379381238,-0.21871605
11/1/2004,-0.047680028,0.0174343051,-0.049002736
11/2/2004,-0.40318291,-0.295513682,-0.278697983
11/3/2004,0.2990310542,0.3220763715,0.3277486077
11/4/2004,0.5285911086,0.4778150967,0.4334820752
11/5/2004,0.4402968559,0.4446339542,0.3905039605
11/8/2004,-0.652139667,-0.585339449,-0.501996563
11/9/2004,-2.833875162,-2.549749934,-2.286479774
11/10/2004,3.5736123591,3.1864469681,2.8866602541
11/11/2004,-0.845109921,-0.827161697,-0.741981571
11/12/2004,0.2413869676,0.3210027654,0.2244794395
11/15/2004,0.4725814777,0.2872131768,0.2532811096
11/16/2004,-0.323125636,-0.218941685,-0.110985375
11/17/2004,0.0050444424,0.0117884837,0.0124575634
11/18/2004,0.0677621644,0.0315747624,-0.036644518
11/19/2004,-0.240800727,-0.107388696,0.031164463
11/22/2004,0.291052242,0.1235219096,-0.025737125
11/23/2004,-0.376531728,-0.28629492,-0.231360025
11/24/2004,-0.81020746,-0.898794886,-0.952145555
11/26/2004,-0.586685791,-0.487174818,-0.217723477
11/29/2004,1.9519119872,1.8823761318,1.5622374383
11/30/2004,0.2271968091,0.206482547,0.2499137944
12/1/2004,0.0684879238,-0.043436989,-0.016345843
12/2/2004,-0.167447506,0.0126224301,-0.038306623
12/3/2004,0.489292953,0.2998106689,0.3585780706
12/6/2004,-0.322063518,-0.298595683,-0.292804632
12/7/2004,0.1515279176,0.2578778952,0.2519438894
12/8/2004,-0.333801944,-0.306794624,-0.219737998
12/9/2004,0.3310490719,0.2429194486,0.1101901541
12/10/2004,0.2993962152,0.2689156651,0.2380134963
12/13/2004,-0.43811243,-0.450533703,-0.370542907
12/14/2004,0.0476563025,0.0957717728,0.0060098229
12/15/2004,0.0720382966,0.0685336672,0.0170342637
12/16/2004,-0.028085694,-0.115414579,0.0720264763
12/17/2004,0.0511411133,0.1057865521,0.0829454543
12/20/2004,-0.645271819,-0.608753599,-0.806304522
12/21/2004,-0.347569458,-0.402144031,-0.165250029
12/22/2004,-0.16870633,-0.087725287,-0.102638198
12/23/2004,-0.629415439,-0.440405195,-0.415202784
12/27/2004,-0.125447245,-0.181943044,-0.177416122
12/28/2004,0.547517376,0.4847213694,0.4811371547
12/29/2004,0.2052314465,0.3693519177,0.3460385743
12/30/2004,-0.17007931,-0.034800289,-0.017435077
12/31/2004,-0.316714252,-0.494215172,-0.706029909
1/3/2005,0.921637053037348,0.723463627906189,0.611506513502873
1/4/2005,0.3486313711,0.2374895727,0.1590717613
1/5/2005,-0.27487654,-0.392432199,-0.430509426
1/6/2005,-0.078615509,-0.075401624,-0.140327859
1/7/2005,0.3927715318,0.3187033216,0.5107811721
1/10/2005,-0.432647948,-0.261504694,-0.447742292
1/11/2005,-0.39518299,-0.415617128,-0.247866654
1/12/2005,-0.124825386,0.0353401655,-0.020410632
1/13/2005,0.2009959632,0.0544046442,0.0544677931
1/14/2005,0.1583415745,0.2486030053,0.1037681589
1/18/2005,-0.046112446,-0.074187657,0.1943048091
1/19/2005,-0.048792397,-0.018780998,-0.188166442
1/20/2005,0.1213979313,0.1230975986,0.131195453
1/21/2005,-0.097673546,-0.102078918,-0.066150557
1/24/2005,-0.100457955,-0.153767542,-0.205637654
1/25/2005,-0.257110387,-0.139250278,-0.106246458
1/26/2005,0.2907248831,0.2940211114,0.246111051
1/27/2005,-0.099709236,-0.031939693,-0.082974373
1/28/2005,0.2309473812,-0.011580357,0.11915765
1/31/2005,0.1356598901,0.2482826773,0.1279200189
2/1/2005,-0.253003637,-0.292749316,-0.251934115
2/2/2005,-0.300548935,-0.221479651,-0.127441271
2/3/2005,0.5494965188,0.4896681252,0.4596043273
2/4/2005,0.1010757301,-0.006416128,0.014929659
2/7/2005,-0.733104141,-0.678522034,-0.662239645
2/8/2005,0.1199309151,0.2043705845,0.083825183
2/9/2005,-0.202570163,-0.085101398,-0.005776069
2/10/2005,0.4568261321,0.4220643254,0.3012655712
2/11/2005,-0.184602464,-0.32489417,-0.152647002
2/14/2005,-0.672197968,-0.732966833,-0.768732252
2/15/2005,0.1080794839,0.2249174507,0.2019939943
2/16/2005,0.250267154,0.0974672813,0.0255829588
2/17/2005,-0.032851802,0.0747239658,0.2325123563
2/18/2005,-0.159313472,-0.121538924,-0.117729459
2/22/2005,0.4807996865,0.5246423723,0.4706183018
2/23/2005,0.4236587611,0.3889892522,0.356942934
2/24/2005,-0.217987789,-0.294347445,-0.284147042
2/25/2005,-0.279048159,-0.153181904,-0.202473226
2/28/2005,-0.147086166,-0.260353945,-0.040424014
3/1/2005,0.3427377044,0.3317196498,0.2122835969
3/2/2005,0.0475487086,0.1239242787,0.0698942467
3/3/2005,0.003690772,-0.068555123,0.0225185472
3/4/2005,0.5022595279,0.4259760304,0.2699474161
3/7/2005,-0.432671272,-0.331092455,-0.271552463
3/8/2005,0.1288708863,0.0663241004,-0.013972785
3/9/2005,0.1663582304,0.3539429628,0.3811273275
3/10/2005,0.0581927073,-0.16535002,-0.195269358
3/11/2005,-0.169146995,0.0088772467,0.1025069338
3/14/2005,-0.16132195,-0.163081419,-0.176339045
3/15/2005,0.0207376337,0.1557209797,0.1555897104
3/16/2005,-0.057629267,-0.181109848,-0.234758214
3/17/2005,-0.069306955,-0.150679841,-0.10749643
3/18/2005,0.253863297,0.3364355698,0.3613848971
3/21/2005,-0.255344904,-0.089528407,-0.174818989
3/22/2005,0.0097696695,-0.091594311,-0.063168274
3/23/2005,0.2229323808,0.1535977719,0.2083435171
3/24/2005,-0.476318506,-0.255444544,-0.241001384
3/28/2005,-0.380901903,-0.448053643,-0.385236869
3/29/2005,0.282031344,0.2692064771,0.2819036807
3/30/2005,-0.089372701,-0.112467824,-0.182944667
3/31/2005,0.1708064164,0.0522911167,0.1610047269
4/1/2005,0.0659184511120457,-0.0114866286698681,0.0315650917692987
4/4/2005,-0.490123464,-0.690921422,-0.543775739
4/5/2005,-2.418639808,-1.999007043,-1.686294455
4/6/2005,3.2631286625,2.8451908032,2.519121748
4/7/2005,0.2073680133,0.1053210181,-0.015158335
4/8/2005,-0.015228564,-0.008670785,-0.069383594
4/11/2005,0.371217891,0.301308689,0.442751188
4/12/2005,-0.106402597,-0.173177672,-0.268981406
4/13/2005,-0.079775745,0.0976503632,0.1978339805
4/14/2005,0.3512830608,0.2233370529,0.1610026623
4/15/2005,0.4367842309,0.4718864648,0.3656980202
4/18/2005,-1.087533791,-1.094869948,-1.032064094
4/19/2005,-0.137836742,-0.048710951,-0.044303599
4/20/2005,-0.006057025,-0.004068275,-0.007204682
4/21/2005,-0.050999287,-0.020948117,-0.092503498
4/22/2005,0.1419762769,0.1282114509,0.2027444701
4/25/2005,0.1039439258,0.0984273266,0.0988843521
4/26/2005,0.0920216439,0.1027655752,0.099424288
4/27/2005,-0.315865546,-0.366591317,-0.276062676
4/28/2005,0.205350558,0.1504677759,0.0832293593
4/29/2005,0.3010241702,0.3708715894,0.3540193546
5/2/2005,-0.219354111,-0.250215265,-0.294548972
5/3/2005,-0.293422946,-0.139852864,0.0263074674
5/4/2005,-0.113313106,-0.056749789,-0.154378369
5/5/2005,0.0003615568,-0.251443363,-0.268228391
5/6/2005,0.3226524003,0.5609098653,0.5490956901
5/9/2005,-0.145482853,-0.295527903,-0.343633088
5/10/2005,-0.261023204,-0.145880251,-0.008532365
5/11/2005,0.1984137004,0.1577423573,-0.018683988
5/12/2005,-0.141142036,-0.252228517,-0.087358932
5/13/2005,0.1899947492,0.2565743321,0.2699380462
5/16/2005,-0.060666235,-0.087312045,-0.181528383
5/17/2005,-0.217680237,-0.240079424,-0.193602517
5/18/2005,0.0185331316,0.0820974274,0.075158345
5/19/2005,-0.088915378,-0.058923551,-0.119363605
5/20/2005,-0.07325588,-0.133330347,-0.069621856
5/23/2005,0.2367943323,0.2921880007,0.2637369141
5/24/2005,-0.333961721,-0.412928516,-0.303088984
5/25/2005,0.1264724501,0.1368623066,0.0506147235
5/26/2005,-0.026571387,0.0222366021,0.0320100893
5/27/2005,-0.2234221,-0.265137362,-0.281957606
5/31/2005,0.873294161,0.8351911567,0.8398019537
6/1/2005,0.0725384749,0.1694112387,0.1323217618
6/2/2005,-0.066096265,0.0165230455,-0.032322262
6/3/2005,0.0440656075,0.0005098543,-0.044114747
6/6/2005,-0.028278093,-0.155139228,-0.093165494
6/7/2005,-0.296368927,-0.200060655,-0.122990838
6/8/2005,0.2775015764,0.1990768925,0.0974993557
6/9/2005,-0.031964609,-0.030230394,0.1495109383
6/10/2005,0.1847044403,0.2411287418,0.1189179236
6/13/2005,-0.574448206,-0.493583484,-0.413324522
6/14/2005,0.1626917347,0.056343473,0.0185393922
6/15/2005,0.5011067178,0.3983314676,0.3432983658
6/16/2005,-0.542462344,-0.453444973,-0.321636915
6/17/2005,0.1432508474,0.1408461611,0.0546883754
6/20/2005,-0.069932559,0.007853982,-0.046118832
6/21/2005,-0.027229008,-0.125705301,-0.071049539
6/22/2005,-0.49470621,-0.3260657,-0.205040356
6/23/2005,0.5704890214,0.4234258647,0.2870787321
6/24/2005,-0.001487664,0.0161336469,-0.003673747
6/27/2005,-0.020572242,-0.033860282,-0.089737833
6/28/2005,-0.068954593,-0.01787247,0.0148443505
6/29/2005,-0.164594186,-0.286896432,-0.262924464
6/30/2005,0.096255607,0.1900552332,0.1872422411
7/1/2005,-0.13605323195316,0.0456933046525655,-0.0660725637435486
7/5/2005,0.5772735884,0.6881113288,0.7474171656
7/6/2005,0.0039142522,-0.134980106,-0.047922525
7/7/2005,0.0055905883,0.1841360851,0.05130114
7/8/2005,0.0632702132,0.0070528507,0.022995394
7/11/2005,-0.045676466,-0.070498544,-0.050409481
7/12/2005,0.1262259862,0.1273027645,0.0707929034
7/13/2005,-0.307575956,-0.341607581,-0.256286112
7/14/2005,0.1785415249,0.0650467027,-0.147603003
7/15/2005,0.4139802299,0.4498427958,0.4318720392
7/18/2005,-0.539147909,-0.49893104,-0.390489052
7/19/2005,0.0318638409,-0.00091003,0.0712796296
7/20/2005,0.2247521234,0.1343828646,0.0783885864
7/21/2005,-0.389453741,-0.280121685,-0.203711164
7/22/2005,0.3329875653,0.2520196215,0.1730831523
7/25/2005,-0.253284842,-0.11213854,-0.141827746
7/26/2005,-0.335867205,-0.223163551,-0.231446745
7/27/2005,-0.214386531,-0.205409609,-0.2254747
7/28/2005,0.4756556709,0.3725178828,0.4420919051
7/29/2005,-0.029274283,-0.037477494,0.0100718343
8/1/2005,0.2980293546,0.2752187648,0.1376781502
8/2/2005,-0.11729403,-0.089731374,-0.137250665
8/3/2005,-0.339814017,-0.343755954,-0.202541206
8/4/2005,0.0026384762,-0.040555926,-0.100000341
8/5/2005,0.3513380326,0.3392358977,0.239355454
8/8/2005,-0.505345408,-0.372605281,-0.332873504
8/9/2005,0.3922292999,0.1877279413,0.2031528423
8/10/2005,-0.098557138,0.0874876446,0.1034337731
8/11/2005,0.0209371304,-0.035064962,0.0163192716
8/12/2005,0.1581534023,0.0656951465,0.0466658381
8/15/2005,-0.040133331,0.0748896227,0.0825818583
8/16/2005,0.1072430426,-0.009978844,-0.058337084
8/17/2005,-0.333893722,-0.202484176,-0.201636147
8/18/2005,0.0135649672,0.1144059223,0.2306819334
8/19/2005,0.3558976985,0.1842512429,0.0893196351
8/22/2005,-0.378566086,-0.359086807,-0.293661088
8/23/2005,0.0657294317,0.0257351505,0.0580291899
8/24/2005,-0.311470737,-0.341229507,-0.377710489
8/25/2005,1.119576604,1.2345316652,1.1541837527
8/26/2005,-0.555947336,-0.638250782,-0.523873125
8/29/2005,-0.45234411,-0.500133155,-0.481677708
8/30/2005,0.4018837441,0.3442041241,0.3347587063
8/31/2005,0.3845870052,0.3524303033,0.2718086167
9/1/2005,0.477506369,0.3859715923,0.3141986747
9/2/2005,0.1694621721,0.1688566948,0.3277102592
9/6/2005,-0.187460738,-0.050497577,-0.139920976
9/7/2005,0.3588287591,0.3111068255,0.3383314151
9/8/2005,-0.316614419,-0.269598691,-0.257874615
9/9/2005,0.1124345942,0.0842816311,0.1822291453
9/12/2005,-0.138252514,-0.11703045,-0.174132192
9/13/2005,-0.055459401,-0.055657096,-0.033883046
9/14/2005,0.1755483557,0.0799105777,0.1227524092
9/15/2005,0.2476114437,0.3393477262,0.179209613
9/16/2005,-0.272086029,-0.276588574,-0.17274512
9/19/2005,-0.454434636,-0.40937795,-0.374858574
9/20/2005,-0.304117195,-0.383767809,-0.361800095
9/21/2005,0.0602843553,0.1224370168,0.0317713358
9/22/2005,-0.288023383,-0.299146111,-0.208647404
9/23/2005,0.3541221188,0.2754321746,0.3427686735
9/26/2005,0.1516571739,0.1478216676,0.0646900837
9/27/2005,-0.389676488,-0.366770911,-0.398079469
9/28/2005,-0.013854911,-0.069779807,-0.047466693
9/29/2005,0.1116895086,0.2576395177,0.206056669
9/30/2005,-0.229626098,-0.270035909,-0.275664917
10/3/2005,-0.393694728951441,-0.342827815744642,-0.320488381389066
10/4/2005,-0.36772661,-0.338779869,-0.237215409
10/5/2005,0.4508438296,0.3515827641,0.261586482
10/6/2005,0.0480329284,0.0737062467,0.0886981326
10/7/2005,0.0265653273,-0.030622149,-0.087380248
10/10/2005,-0.412815031,-0.374989984,-0.28236469
10/11/2005,0.5407136848,0.6390305728,0.5805316313
10/12/2005,0.0533539146,0.0640362102,-0.083951227
10/13/2005,-0.099804038,-0.065775027,0.0510773183
10/14/2005,0.2532631655,0.3105736418,0.1428279685
10/17/2005,-0.338364462,-0.488054306,-0.300409121
10/18/2005,-0.08412301,-0.06836791,-0.041423264
10/19/2005,-0.255500789,-0.227559042,-0.259000938
10/20/2005,-0.079866442,-0.06583644,-0.036395119
10/21/2005,-0.014485318,0.0268203086,0.0514300213
10/24/2005,0.208967544,0.114884462,0.0967005707
10/25/2005,-0.337252283,-0.282346918,-0.242714871
10/26/2005,0.2342981113,0.276529725,0.2664700443
10/27/2005,0.1150964614,0.0011777925,-0.048672023
10/28/2005,-0.229909561,-0.283533596,-0.269490109
10/31/2005,0.0906837389,0.1445194702,0.1114567229
11/1/2005,0.5257659085,0.6245417863,0.5682829259
11/2/2005,-0.422764502,-0.3730119,-0.228480993
11/3/2005,-0.114872227,-0.129050812,-0.136878067
11/4/2005,0.458821564,0.3609843533,0.2177147606
11/7/2005,-0.35102293,-0.431285318,-0.200812435
11/8/2005,-0.086857118,0.0377860377,-0.021102023
11/9/2005,-0.720314369,-0.938870927,-0.812223456
11/10/2005,1.1298806708,1.4086564217,1.2158300771
11/11/2005,-0.317792396,-0.378733727,-0.380317669
11/14/2005,0.2452092722,0.1533756221,0.1618573732
11/15/2005,-0.130218149,-0.14475115,-0.074938219
11/16/2005,-0.080610108,0.0161943804,-0.049105801
11/17/2005,0.2900516301,0.1883032553,0.2601652402
11/18/2005,-0.117332757,0.0018362527,-0.110257146
11/21/2005,-0.40236978,-0.357901183,-0.319711748
11/22/2005,-0.129110715,-0.349705,-0.339487723
11/23/2005,-0.903209219,-0.617996038,-0.610618736
11/25/2005,-0.364831086,-0.440336956,-0.435966857
11/28/2005,1.8815529224,1.760236397,1.826129123
11/29/2005,-0.073317858,-0.120660369,-0.125412196
11/30/2005,-0.058284334,0.1067341866,-0.025559935
12/1/2005,0.0224565248,0.0029084844,0.0935062277
12/2/2005,0.295903696,0.1792830055,0.208535938
12/5/2005,-0.239147064,-0.143426606,-0.160395752
12/6/2005,-0.184879927,-0.249495167,-0.241193467
12/7/2005,0.2644855613,0.2372022191,0.3019056464
12/8/2005,-0.12219603,-0.133902326,-0.140041987
12/9/2005,0.3011887602,0.2274257834,0.1831685525
12/12/2005,-0.261108118,-0.121647041,-0.024533439
12/13/2005,0.1606650834,0.1446261529,0.0057919517
12/14/2005,-0.18001827,-0.220706496,0.0099573265
12/15/2005,-0.065997047,-0.058434642,-0.213549099
12/16/2005,0.2118225809,0.1968828684,0.2407504357
12/19/2005,-0.349875654,-0.358496718,-0.382413181
12/20/2005,0.0761269041,0.0539606995,0.0156264852
12/21/2005,0.3652998232,0.3312410822,0.2715621683
12/22/2005,-0.75645256,-0.547367085,-0.591450389
12/23/2005,-0.046353044,-0.079577906,-0.078431752
12/27/2005,0.5690524527,0.618821233,0.6595217589
12/28/2005,0.4897742421,0.5705217417,0.3361218423
12/29/2005,0.3383890412,0.1728608109,0.2955332356
12/30/2005,0.2922624447,0.3147866433,0.3241523344
1/3/2006,0.538836171319657,0.500746076746538,0.387491420597037
1/4/2006,0.2432250168,0.2066700103,0.2398765311
1/5/2006,0.0296938833,-0.016035138,-0.050238125
1/6/2006,0.2053646006,0.1731313817,0.1006436759
1/9/2006,-0.114685045,-0.096846192,0.0160850865
1/10/2006,-0.347198247,-0.305081731,-0.318684819
1/11/2006,0.0743528043,0.0198724226,0.0862950215
1/12/2006,-0.195326145,-0.173533756,-0.294569554
1/13/2006,-0.085781411,-0.007279767,0.0461652355
1/17/2006,0.5262851438,0.5404196247,0.5075121803
1/18/2006,0.2232321134,0.2039466548,0.2203577531
1/19/2006,-0.10737182,-0.081888929,-0.121322664
1/20/2006,0.049922159,0.0546222381,0.1224559684
1/23/2006,-0.348903518,-0.386971398,-0.438136882
1/24/2006,-0.186537301,-0.145236392,-0.058530279
1/25/2006,-0.005674605,-0.032090535,-0.195976163
1/26/2006,0.2009609539,0.2026209901,0.2179504066
1/27/2006,-0.240757645,-0.204158135,-0.133664552
1/30/2006,0.0613447231,0.0425711364,0.0522090633
1/31/2006,-0.076125521,0.0182111772,0.0408448392
2/1/2006,0.0005095746,-0.060237236,-0.016006191
2/2/2006,-0.130926725,-0.107983791,-0.188470991
2/3/2006,0.1960208471,0.1702698799,0.1430864958
2/6/2006,-0.54527917,-0.51598759,-0.422426858
2/7/2006,0.3119081073,0.2166918482,0.1965102718
2/8/2006,-0.072707053,-0.122171905,-0.116557371
2/9/2006,-0.273143088,-0.230458532,-0.17184219
2/10/2006,0.2703827724,0.2930138554,0.2660976892
2/13/2006,-0.556670322,-0.441044719,-0.513385869
2/14/2006,0.0699369699,-0.06183672,-0.021915957
2/15/2006,-0.162161819,-0.082717376,0.0096751549
2/16/2006,0.3924960378,0.3149956741,0.2275362364
2/17/2006,-0.220029158,-0.159692413,-0.184401353
2/21/2006,0.4081315162,0.3845861668,0.3367221186
2/22/2006,0.2257275161,0.2712254401,0.3055182607
2/23/2006,-0.023195565,-0.04667701,-0.173643496
2/24/2006,-0.101208155,-0.082742289,0.0259682432
2/27/2006,0.0160422329,0.040672004,0.083883345
2/28/2006,0.1838995266,0.0735201526,0.0274620061
3/1/2006,-0.297053696,-0.336258842,-0.273913637
3/2/2006,0.0483986512,0.1221728105,0.0455630191
3/3/2006,0.217698666,0.205986242,0.1551691755
3/6/2006,-0.025058635,0.0465883795,0.1358120839
3/7/2006,-0.153513686,-0.245700924,-0.180950555
3/8/2006,0.1596773254,0.1102609061,0.1460340424
3/9/2006,-0.175614935,-0.056811192,-0.261696746
3/10/2006,0.4827083972,0.3667296571,0.4517202017
3/13/2006,-0.556549311,-0.524874517,-0.66940317
3/14/2006,-0.072847826,-0.005052033,0.1953394821
3/15/2006,0.1515821345,0.1858532158,0.1510920958
3/16/2006,-0.101075525,-0.166972757,-0.284742005
3/17/2006,0.3015136399,0.3159568747,0.3865450532
3/20/2006,-0.236232191,-0.195515175,-0.164562918
3/21/2006,0.2231262978,0.1532970806,0.256183818
3/22/2006,0.0145522281,0.0338815386,-0.175381263
3/23/2006,0.122522674,0.143955691,0.2688124107
3/24/2006,-0.293488782,-0.296287264,-0.313157257
3/27/2006,0.3426131089,0.3596607495,0.3750118292
3/28/2006,0.0126653258,-0.041880937,-0.074777227
3/29/2006,0.0897352747,0.125544841,0.1218993043
3/30/2006,-0.139574128,-0.127396092,-0.001864301
3/31/2006,-0.0875216,-0.137212418,-0.09900065
4/3/2006,0.100395572534281,0.190391396747728,0.137359955102204
4/4/2006,0.2111931623,0.1966077707,0.1383615578
4/5/2006,0.0931648921,0.0866363289,0.0398452947
4/6/2006,-0.030591899,-0.000747909,0.1689468819
4/7/2006,-0.096158671,0.0042954622,-0.038933698
4/10/2006,0.3789809878,0.3916731658,0.3873662526
4/11/2006,-0.104129465,-0.072511806,-0.095541342
4/12/2006,-0.013545861,-0.079022743,-0.079139504
4/13/2006,-0.177750268,-0.153584985,-0.183685434
4/17/2006,-0.0745948,-0.146820154,-0.065307709
4/18/2006,-0.144588099,-0.166784545,-0.09994456
4/19/2006,-0.271035302,-0.269288668,-0.263243789
4/20/2006,0.0417866736,0.0740518923,0.0605935268
4/21/2006,0.1323028083,0.0762982495,0.0019727182
4/24/2006,-0.016021025,-0.130807392,-0.173871615
4/25/2006,0.0899285408,0.1185584757,0.1752092276
4/26/2006,-0.122580504,-0.059136404,-0.129539776
4/27/2006,0.1177848983,0.1160887198,0.2599809387
4/28/2006,-0.142386073,-0.066759948,-0.104430767
5/1/2006,0.2364329626,0.1251187688,0.1704730423
5/2/2006,-0.220748935,-0.117249028,-0.096884375
5/3/2006,0.1322000057,-0.044554854,-0.114449483
5/4/2006,-0.055763306,0.0534221076,-0.055081487
5/5/2006,0.0414806876,0.0113022908,0.1782872479
5/8/2006,-0.117247121,-0.047649648,-0.086109687
5/9/2006,0.1122168842,0.0551506518,0.0868446518
5/10/2006,-0.379055652,-0.295366328,-0.223202043
5/11/2006,0.0562937883,0.1166952834,0.0832327569
5/12/2006,0.0092093097,0.0451898282,0.0178383999
5/15/2006,0.2319650615,0.0507381322,0.1235719386
5/16/2006,-0.411207309,-0.27856582,-0.290999549
5/17/2006,0.1144344387,0.0130736769,-0.010494406
5/18/2006,0.0503229408,0.0675358892,-0.027864536
5/19/2006,-0.026376046,-0.022818025,0.0365702639
5/22/2006,-0.326989584,-0.40788413,-0.369210337
5/23/2006,0.0693963057,0.1471111735,0.181904672
5/24/2006,0.1716968372,0.0729642151,-0.024439002
5/25/2006,-0.213422676,-0.146467359,-0.127468066
5/26/2006,-0.248706031,-0.326005457,-0.286974463
5/30/2006,0.8418490919,0.9077610039,0.7110264378
5/31/2006,0.2409147069,0.2129200895,0.2610832417
6/1/2006,0.0375242314,0.0362726252,0.0586096209
6/2/2006,-0.16665931,-0.164213228,-0.120652524
6/5/2006,0.0096486403,0.1174860656,0.1026041787
6/6/2006,-0.037723232,-0.086105984,-0.117586159
6/7/2006,0.0261739117,-0.016054026,0.0228762753
6/8/2006,-0.103481503,-0.069217233,-0.061865203
6/9/2006,-0.226642646,-0.188929786,-0.169866232
6/12/2006,0.1173972782,0.0639608028,-0.029639026
6/13/2006,0.2494117709,0.3338064286,0.4358221978
6/14/2006,-0.098130055,-0.121443103,-0.147351075
6/15/2006,0.0056372137,-0.052527023,-0.126627725
6/16/2006,0.0469527695,0.0321104515,0.1333483832
6/19/2006,-0.018941983,0.014705289,-0.080653202
6/20/2006,-0.507037267,-0.418824446,-0.324212069
6/21/2006,0.2279885018,0.1820142671,0.0630095592
6/22/2006,0.0522379987,-0.052533505,-0.064133789
6/23/2006,-0.224012335,-0.110183833,0.047149288
6/26/2006,0.3006359327,0.1870739327,0.0618633672
6/27/2006,-0.237935487,-0.158467219,-0.115755428
6/28/2006,0.1355313187,0.0639237804,0.0258273583
6/29/2006,0.0126147124,0.0773503215,0.0319505241
6/30/2006,-0.065259632,-0.084902181,-0.044216275
7/3/2006,-0.578747585522293,-0.651587349120795,-0.609192030471329
7/5/2006,0.7190344535,0.6374541997,0.6070363405
7/6/2006,0.1920884774,0.2546143093,0.1826210327
7/7/2006,0.2720862407,0.1332566269,0.1403436222
7/10/2006,-0.917214899,-0.786477734,-0.752711497
7/11/2006,0.1025714689,0.0482254464,0.046287443
7/12/2006,0.4547104791,0.4778308113,0.4537163447
7/13/2006,-0.090915545,-0.128315831,-0.031810021
7/14/2006,0.0326568019,0.1591582067,0.094305518
7/17/2006,0.0904404667,0.032799966,0.0701296359
7/18/2006,-0.040175752,-0.072721417,-0.137429208
7/19/2006,-0.196658799,-0.104505502,-0.100519661
7/20/2006,-0.095215414,-0.015023521,0.0049429068
7/21/2006,0.0234171912,-0.127086301,-0.129498948
7/24/2006,0.0780776451,0.0992968254,-0.003576423
7/25/2006,0.0295624147,-0.103886927,-0.019979052
7/26/2006,-0.30437929,-0.123299007,-0.169289776
7/27/2006,-0.177526069,-0.275337596,-0.190922912
7/28/2006,0.4069673453,0.5187037258,0.4640462789
7/31/2006,-0.371635104,-0.446308093,-0.378329985
8/1/2006,0.1620996775,0.2476784473,0.2060832357
8/2/2006,-0.07903822,-0.20973079,-0.279259011
8/3/2006,-0.173418488,-0.129239958,-0.083595845
8/4/2006,-0.012203097,0.0525664539,-0.006106354
8/7/2006,0.156129648,0.1108689113,0.1279574094
8/8/2006,-0.198410433,-0.076743145,-0.053044617
8/9/2006,0.2882134357,0.0432272277,0.0197007104
8/10/2006,-0.228913072,-0.133250868,-0.143728735
8/11/2006,0.2643766916,0.2577105988,0.2343967833
8/14/2006,-0.316942316,-0.294940561,-0.331939273
8/15/2006,0.0190440186,-0.057605859,-0.064316258
8/16/2006,-0.228139303,-0.134038544,-0.107101433
8/17/2006,0.1297895726,0.0534665687,0.0002090651
8/18/2006,0.0848888242,0.2305178346,0.2872858507
8/21/2006,0.1416378074,0.0447555891,0.1378466203
8/22/2006,0.0579636192,-0.031214379,-0.113743855
8/23/2006,-0.013784134,0.0082088898,-0.037619256
8/24/2006,-0.108780746,-0.0172769,0.0364140639
8/25/2006,0.1593798665,0.1463944383,0.1227529818
8/28/2006,-0.161078746,-0.257767546,-0.158171104
8/29/2006,0.0508333559,0.1320619934,0.0755919793
8/30/2006,0.188481818,0.0628857943,0.0764989626
8/31/2006,-0.048880034,0.1101098773,0.0691956213
9/1/2006,-0.387673114,-0.340555114,-0.310194595
9/5/2006,0.6743678607,0.5302446138,0.5783091956
9/6/2006,0.5449574692,0.6098419185,0.4460211239
9/7/2006,-0.180845613,-0.126876842,-0.080634189
9/8/2006,-0.097360818,-0.108910983,-0.143095684
9/11/2006,-0.06578085,-0.190661865,-0.125454586
9/12/2006,-0.126451675,0.0241825501,0.0626122685
9/13/2006,0.513851355,0.4135323521,0.3527770007
9/14/2006,-0.037722476,-0.126200196,-0.086901261
9/15/2006,-0.14343264,-0.04628644,-0.087591906
9/18/2006,-0.172391555,-0.14027888,-0.114165616
9/19/2006,-0.110031486,-0.1167311,-0.135110972
9/20/2006,-0.143037767,-0.066994853,-0.011441831
9/21/2006,0.0303136246,-0.052911989,-0.098386162
9/22/2006,0.1095741482,0.1086232333,0.1456640454
9/25/2006,-0.300177491,-0.208970585,-0.237213636
9/26/2006,-0.081853997,-0.095523565,-0.11114782
9/27/2006,-0.107129257,-0.165741024,-0.127315777
9/28/2006,0.1187540924,0.1271182743,0.048975243
9/29/2006,-0.306323101,-0.257436921,-0.217642068
10/2/2006,-0.203052511444504,-0.220573244659293,-0.145305195104894
10/3/2006,-0.151813783,-0.13158198,-0.012372288
10/4/2006,0.1872225958,0.1079048006,0.0616033876
10/5/2006,0.0137168016,0.0872129765,0.0856482803
10/6/2006,-0.09567276,-0.123084094,-0.23547768
10/9/2006,-0.013905826,-0.069389117,0.0262622721
10/10/2006,0.079216614,0.1484094744,0.1047634711
10/11/2006,-0.077422247,-0.098956125,-0.041009206
10/12/2006,0.1673807296,0.2269077563,0.2063298427
10/13/2006,0.3112305304,0.1615702793,0.0749614944
10/16/2006,-0.164738671,-0.067489825,0.0197150219
10/17/2006,-0.163377165,-0.158074991,-0.161341125
10/18/2006,0.290863788,0.1903068169,0.1613633986
10/19/2006,-0.103598131,-0.037152084,-0.023120789
10/20/2006,0.0030505491,-0.000188622,-0.052948909
10/23/2006,0.0609961075,0.0244986823,0.0252871681
10/24/2006,-0.120494702,-0.149723386,-0.089268967
10/25/2006,-0.205613908,-0.107623591,-0.07362839
10/26/2006,0.0241960143,0.075630236,0.0618244707
10/27/2006,-0.168236553,-0.231574094,-0.284041177
10/30/2006,0.4370109029,0.4070922825,0.4569948547
10/31/2006,-0.157826125,-0.087350217,-0.06490971
11/1/2006,0.1904277357,0.155669973,0.108569164
11/2/2006,-0.162371789,-0.141162876,-0.118052225
11/3/2006,0.0722591882,-0.0560433,-0.010714996
11/6/2006,-0.272839661,-0.122308884,-0.181928952
11/7/2006,-0.291008787,-0.363192565,-0.328698125
11/8/2006,0.0282235318,0.0478192625,0.0808517122
11/9/2006,0.5843911205,0.5464940218,0.4142150499
11/10/2006,-0.512903315,-0.489511194,-0.443532277
11/13/2006,0.5567100421,0.5928879843,0.629968563
11/14/2006,-0.001577106,-0.088225843,-0.071679324
11/15/2006,-0.271136492,-0.083361527,-0.111537862
11/16/2006,0.0632938643,0.0580934607,0.0421569811
11/17/2006,0.03951941,-0.035767977,-0.030005195
11/20/2006,0.1438408107,0.1379520111,0.0711238346
11/21/2006,-0.574572779,-0.539949014,-0.505648826
11/22/2006,-1.063153473,-1.023049192,-1.024229929
11/24/2006,-0.967013269,-0.995938152,-0.891780305
11/27/2006,2.6020978384,2.5312228794,2.3802593173
11/28/2006,-0.246258399,-0.194743528,-0.124078295
11/29/2006,0.2875371519,0.3255033526,0.2944107382
11/30/2006,-0.409043178,-0.42010477,-0.402002483
12/1/2006,0.2579057205,0.1425180798,0.1194463912
12/4/2006,0.3561165632,0.348686089,0.3621371706
12/5/2006,-0.162522265,-0.148454589,-0.16583427
12/6/2006,-0.32471381,-0.195217791,-0.055652602
12/7/2006,0.2081658271,0.1738730891,0.0840066534
12/8/2006,0.113033083,0.1736733972,0.1908561838
12/11/2006,0.0900296426,0.0067095179,-0.010792303
12/12/2006,0.1552737554,0.0981074769,0.1124649346
12/13/2006,-0.249595452,-0.177807257,-0.148126596
12/14/2006,-0.18950827,-0.235174325,-0.15705531
12/15/2006,0.3373399964,0.3596807751,0.1770574492
12/18/2006,-0.237206636,-0.291291104,-0.275844145
12/19/2006,-0.198148792,-0.082420811,-0.095403116
12/20/2006,-0.187081871,-0.324593497,-0.280516544
12/21/2006,-0.116749785,-0.060021083,0.0100585604
12/22/2006,-0.494733419,-0.465392364,-0.566774245
12/26/2006,0.4471699526,0.4363382162,0.3538123676
12/27/2006,1.029629409,0.9808790618,1.0308702383
12/28/2006,-0.103725648,-0.08668173,-0.103938147
12/29/2006,0.2841192968,0.3542202403,0.4100551104
1/3/2007,1.0846434136188,0.942397210436872,0.937750600833724
1/4/2007,0.181025555,0.2047344692,0.2056623631
1/5/2007,-0.157039476,-0.067081479,-0.021627993
1/8/2007,-0.385417865,-0.517457505,-0.50002118
1/9/2007,0.1369972704,0.2466054603,0.1981172013
1/10/2007,-0.011297011,-0.131391395,-0.139534006
1/11/2007,-0.035082487,-0.020612739,0.0101550261
1/12/2007,0.092141763,0.1192129577,0.0693357651
1/16/2007,0.3110414938,0.2768381955,0.2502134601
1/17/2007,0.0510559938,0.0755010703,0.0643860123
1/18/2007,0.1553516532,0.105034158,0.0943316791
1/19/2007,-0.118539234,-0.114899698,-0.040791076
1/22/2007,-0.287190313,-0.250787466,-0.221361212
1/23/2007,0.2869873509,0.2922574272,0.204941579
1/24/2007,-0.189555099,-0.243981084,-0.167690241
1/25/2007,-0.062090593,0.0388927901,0.0820864947
1/26/2007,0.1362515581,0.0248670584,-0.197642734
1/29/2007,0.1401144224,0.1353544308,0.2273352069
1/30/2007,-0.327844305,-0.348237537,-0.281257481
1/31/2007,-0.051595441,0.0456917227,-0.022242839
2/1/2007,-0.145028149,-0.198461559,-0.084458769
2/2/2007,0.5135123857,0.494459576,0.45030665
2/5/2007,-0.605113564,-0.640089576,-0.634872
2/6/2007,-0.046809733,-0.028289345,0.0132887817
2/7/2007,0.2445376441,0.2739563782,0.1874780457
2/8/2007,-0.41133366,-0.404372153,-0.361927847
2/9/2007,0.2073979747,0.2690230764,0.3209624915
2/12/2007,-0.317559118,-0.39294041,-0.419816113
2/13/2007,-0.444448672,-0.439655173,-0.413415974
2/14/2007,-0.20331335,-0.256358372,-0.260893335
2/15/2007,0.2980251578,0.4726320052,0.4948859954
2/16/2007,0.4126887131,0.3082688553,0.2766557179
2/20/2007,0.5614263622,0.5797544241,0.533420551
2/21/2007,0.1802914955,0.0968733536,0.0794617436
2/22/2007,-0.149849882,-0.120229986,-0.045394302
2/23/2007,-0.018863115,0.0279041998,-0.001088923
2/26/2007,0.2242677278,0.163133767,0.1168705477
2/27/2007,-0.318866958,-0.234082572,-0.048292999
2/28/2007,0.0170590597,0.0021203886,-0.080791894
3/1/2007,0.0283838507,0.0517738953,0.0092806185
3/2/2007,-0.233723199,-0.194903512,-0.20253352
3/5/2007,0.3802701218,0.2743236761,0.2583260308
3/6/2007,-0.185881989,-0.16731682,-0.108126031
3/7/2007,-0.062320735,-0.031562634,-0.085680642
3/8/2007,-0.066078886,-0.051570488,-0.085748839
3/9/2007,0.0938758417,0.0466941595,0.1790018432
3/12/2007,0.2008955485,0.3178327643,0.2408827703
3/13/2007,-0.250680333,-0.330232368,-0.344229564
3/14/2007,0.0256671843,0.0268883625,0.0789248791
3/15/2007,-0.046260888,-0.165185429,-0.19733561
3/16/2007,-0.292567301,-0.14682297,-0.185083338
3/19/2007,0.4745038656,0.3917954693,0.4610993167
3/20/2007,0.0566595764,0.1165648922,0.0764060964
3/21/2007,0.1687747785,0.2529618812,0.2055094711
3/22/2007,-0.276305874,-0.336613407,-0.342592403
3/23/2007,0.0394757112,-0.116350688,-0.089876009
3/26/2007,0.1794052866,0.2911815231,0.3130411509
3/27/2007,-0.059587388,-0.038887116,-0.065036823
3/28/2007,-0.301779799,-0.303810511,-0.297509511
3/29/2007,0.2825044463,0.2259585063,0.2755952582
3/30/2007,-0.059284009,-0.024093688,-0.122997832
4/2/2007,0.252924755368715,0.166430176433183,0.121024354876089
4/3/2007,-0.276882147,-0.23621812,-0.289093721
4/4/2007,-0.19294429,-0.205640411,-0.147065675
4/5/2007,-0.0668511,-0.042880535,0.0168213454
4/9/2007,0.4344525598,0.4154586139,0.2414071467
4/10/2007,-0.07711023,-0.118786013,-0.052336427
4/11/2007,-0.124144984,-0.057386365,-0.071238393
4/12/2007,0.1754601656,0.1242294257,0.1494326386
4/13/2007,0.4265457489,0.2418698337,0.1751862569
4/16/2007,-0.240416742,-0.06336042,-0.030807908
4/17/2007,-0.235516191,-0.239920984,-0.189984463
4/18/2007,-0.204344009,-0.157633994,-0.154302065
4/19/2007,-0.134440094,-0.128592777,-0.120447305
4/20/2007,-0.202646213,-0.088001008,-0.077763138
4/23/2007,0.0972035921,0.0261887795,0.0836406058
4/24/2007,0.0153112464,0.0137998994,0.0020520316
4/25/2007,-0.10462826,-0.030274117,-0.016450307
4/26/2007,0.2379710074,0.2338273519,0.2035741527
4/27/2007,-0.276847557,-0.376950787,-0.272026368
4/30/2007,0.3653013068,0.3571694486,0.2155705996
5/1/2007,-0.280856531,-0.265416057,-0.246852773
5/2/2007,-0.199204729,-0.144264927,-0.151993484
5/3/2007,0.181228531,0.108420191,0.1983189141
5/4/2007,0.3082213229,0.333820003,0.4180368958
5/7/2007,-0.04266914,-0.045862513,-0.079023354
5/8/2007,-0.174893869,-0.138634943,-0.149936484
5/9/2007,-0.291053152,-0.288085277,-0.305185497
5/10/2007,0.1353900378,0.1808468952,0.1243961648
5/11/2007,-0.050802172,-0.158217374,-0.193369971
5/14/2007,0.0721648258,0.0973510274,0.1466248432
5/15/2007,-0.079291992,-0.009238178,-0.052866681
5/16/2007,-0.052525213,-0.077461744,-0.108110436
5/17/2007,-0.128360536,-0.106426124,-0.040522617
5/18/2007,0.364470532,0.3357626823,0.3394116954
5/21/2007,-0.177591433,-0.208374641,-0.206987613
5/22/2007,0.035475103,0.0191660974,-0.014218637
5/23/2007,-0.144704494,-0.091977551,-0.073513529
5/24/2007,-0.122975148,-0.112171558,-0.19816841
5/25/2007,-0.092161095,-0.090261295,0.0113972209
5/29/2007,0.9670969817,0.8600244082,0.7353349573
5/30/2007,0.2145295524,0.2596981742,0.2313683284
5/31/2007,-0.207495653,-0.125945474,-0.094338231
6/1/2007,-0.046997592,-0.066846616,-0.056798108
6/4/2007,0.1880771646,0.1298749184,0.1135746632
6/5/2007,-0.177459482,-0.133399168,-0.137908755
6/6/2007,0.0439051088,0.0313063653,0.0414541812
6/7/2007,-0.148021817,-0.106340839,-0.09950316
6/8/2007,0.2913862244,0.1553876571,0.2683844281
6/11/2007,-0.27399872,-0.19409198,-0.214090653
6/12/2007,0.1145643494,0.0947066242,0.0646186709
6/13/2007,-0.137511303,-0.094713682,-0.115753942
6/14/2007,0.1653045489,0.099428345,0.0459653886
6/15/2007,-0.315806456,-0.272178481,-0.173869366
6/18/2007,0.2458977279,0.1717991994,0.1456329406
6/19/2007,-0.232630054,-0.090664237,-0.111531391
6/20/2007,-0.022023573,-0.12838883,-0.106251409
6/21/2007,0.236408341,0.278828324,0.2127731578
6/22/2007,0.1548610588,0.1187725075,0.129760348
6/25/2007,-0.269104682,-0.268530501,-0.206471144
6/26/2007,-0.224058234,-0.246038278,-0.234107734
6/27/2007,0.1457605156,0.2012694154,0.2132726054
6/28/2007,0.0702741441,0.0286604257,-0.025171335
6/29/2007,-0.113684452,-0.069329372,0.0179379401
7/2/2007,-0.0500427751723223,-0.0136611742419977,-0.0575533114216451
7/3/2007,-0.169224952,-0.234680975,-0.197173116
7/5/2007,0.3371736509,0.3716514878,0.3817629153
7/6/2007,-0.208714743,-0.204897047,-0.184966384
7/9/2007,0.2130993399,0.2361429139,0.1424431266
7/10/2007,-0.015301663,-0.049420773,-0.009770352
7/11/2007,-0.054828016,-0.015596038,0.04088075
7/12/2007,-0.188799297,-0.211882376,-0.227041344
7/13/2007,0.273446823,0.2107620956,0.2043173823
7/16/2007,0.0081748782,0.0837762691,0.1335780608
7/17/2007,0.0710332762,0.0180190539,0.0154642064
7/18/2007,-0.017703668,-0.066457541,0.0051510093
7/19/2007,-0.154500593,-0.053555562,-0.126406489
7/20/2007,-0.145091315,-0.240608563,-0.157083072
7/23/2007,0.0879565657,0.2216807405,0.0623183412
7/24/2007,-0.028181898,-0.068660733,-0.06506072
7/25/2007,0.0027812215,-0.00136157,0.0696999274
7/26/2007,0.034322113,-0.022420413,-0.086088497
7/27/2007,0.0321896124,0.0892920162,0.0932334185
7/30/2007,-0.04058208,0.0077521362,-0.026746066
7/31/2007,-0.309102476,-0.351304261,-0.289266707
8/1/2007,0.1111319189,0.130543045,0.1431497213
8/2/2007,-0.145160526,-0.192033925,-0.194666582
8/3/2007,0.0129002527,0.1077271458,0.0674009162
8/6/2007,0.0747835765,0.0465088335,0.0654374005
8/7/2007,-0.073894557,-0.089315386,-0.050161513
8/8/2007,0.1778516966,0.1362176029,0.0784944939
8/9/2007,-0.082622721,-0.019996771,-0.062903572
8/10/2007,0.1684624918,0.2144424968,0.2106655311
8/13/2007,-0.139983565,-0.138064036,-0.150365058
8/14/2007,-0.125409827,-0.175580126,-0.072557123
8/15/2007,-0.035516888,-0.06255191,-0.133430164
8/16/2007,0.5258979033,0.5112099701,0.4428712249
8/17/2007,-0.241601031,-0.207577258,-0.175955347
8/20/2007,-0.26209174,-0.268292813,-0.245882049
8/21/2007,-0.015359978,-0.048534149,-0.106572184
8/22/2007,0.0045455604,-0.005768718,0.0620285626
8/23/2007,0.1121026914,0.105351358,0.1652894844
8/24/2007,-0.118055983,-0.053809008,0.0094566483
8/27/2007,-0.028946223,-0.0733853,-0.19310816
8/28/2007,0.1941559469,0.1371970579,0.087582986
8/29/2007,0.1432268838,0.1037919626,0.1297435262
8/30/2007,-0.227359377,-0.141606485,-0.088994669
8/31/2007,-0.086935016,-0.137097225,-0.172196197
9/4/2007,0.7421923221,0.7705718,0.8892295547
9/5/2007,0.0057266918,0.0511518049,0.0877122323
9/6/2007,0.1005971127,0.1634977356,0.1061913742
9/7/2007,0.0020992679,-0.032588757,-0.082470132
9/10/2007,0.0380476164,-0.015160418,-0.006397496
9/11/2007,-0.294664176,-0.282667058,-0.269616392
9/12/2007,-0.110946684,-0.063745966,-0.018648349
9/13/2007,0.0503402875,-0.072039718,-0.140779898
9/14/2007,0.1511155951,0.1619697644,0.2306251595
9/17/2007,0.0543751678,0.0500676928,-0.087454491
9/18/2007,-0.252205992,-0.050552714,0.0955770758
9/19/2007,0.1689847317,0.0166135133,-0.030916478
9/20/2007,-0.037787928,-0.011995462,0.0055184084
9/21/2007,-0.174462277,-0.130526863,-0.111108811
9/24/2007,-0.183334475,-0.164880456,-0.277325539
9/25/2007,0.0621864257,0.0628244404,0.1098025761
9/26/2007,0.0221763571,-0.051247149,-0.028392022
9/27/2007,-0.155453874,-0.234584488,-0.214316908
9/28/2007,0.238168469,0.2722549821,0.219445145
10/1/2007,0.106671997628906,0.140849928674133,0.174822045230711
10/2/2007,-0.118679384,-0.131572683,-0.099799361
10/3/2007,0.2062525339,0.1256301667,0.1216618959
10/4/2007,-0.091719552,-0.0308674,-0.058456347
10/5/2007,-0.022738318,-0.018832622,0.089312418
10/8/2007,-0.426957004,-0.459893009,-0.5241744
10/9/2007,0.3490305329,0.3853121799,0.4029865973
10/10/2007,0.2469194166,0.250055035,0.2678439173
10/11/2007,-0.226740801,-0.200079731,-0.183251725
10/12/2007,0.123657248,0.088873134,0.0266594278
10/15/2007,0.0785005186,0.1160433434,0.1210031872
10/16/2007,-0.070433598,-0.137237985,-0.098885944
10/17/2007,-0.106835613,-0.054239191,-0.059858145
10/18/2007,0.0078899522,0.0259542276,0.0343580802
10/19/2007,0.2581317129,0.2783366146,0.1625473048
10/22/2007,-0.05545668,-0.144409282,-0.067957581
10/23/2007,-0.12810901,-0.092157299,-0.202185731
10/24/2007,-0.050610915,-0.061879162,0.0439222821
10/25/2007,0.0911220411,0.0632075489,0.0772814908
10/26/2007,-0.034601489,-0.008626967,-0.102649151
10/29/2007,0.3637838401,0.4117945094,0.4342681474
10/30/2007,-0.183003591,-0.250540338,-0.1525649
10/31/2007,-0.032009167,-0.051295705,-0.098627802
11/1/2007,0.2801252692,0.4308822381,0.4123702744
11/2/2007,-0.015383547,0.0127982466,-0.025576225
11/5/2007,0.0890974386,0.0265791064,0.0143017946
11/6/2007,-0.113925031,-0.107521085,-0.115503112
11/7/2007,0.0958569981,0.0964085506,0.1278683238
11/8/2007,-0.014599437,-0.007664036,-0.009969306
11/9/2007,0.039892758,-0.035923098,-0.06978797
11/12/2007,-0.122691972,-0.182720293,-0.219830914
11/13/2007,0.2083812458,0.2779662737,0.3514623279
11/14/2007,0.1130293636,0.0136285085,0.011469411
11/15/2007,-0.136343517,-0.119198408,-0.104483562
11/16/2007,-0.327164423,-0.276329733,-0.363328401
11/19/2007,0.1826136355,0.1465494011,0.1810514689
11/20/2007,-0.521254311,-0.444886489,-0.419259289
11/21/2007,-0.925691623,-0.919977809,-0.987159048
11/23/2007,-1.006597325,-0.890463395,-0.950292073
11/26/2007,2.2554828419,2.1372284666,2.2065327284
11/27/2007,0.2351227421,0.1622885766,0.2084395437
11/28/2007,0.044505884,-0.063995634,-0.071825242
11/29/2007,-0.142158817,0.0279430848,0.0334836234
11/30/2007,0.0051952364,-0.11183894,-0.089581671
12/3/2007,-0.195758407,-0.109113628,-0.086018561
12/4/2007,0.0907479375,0.012752609,0.0158649689
12/5/2007,0.0503153523,0.0526422446,-0.001547245
12/6/2007,0.0374737324,0.0497117328,0.1144664825
12/7/2007,0.1346090429,0.160760461,0.1031527462
12/10/2007,0.0296138538,0.0164049445,-0.041242211
12/11/2007,-0.068150013,-0.105221612,-0.089255957
12/12/2007,0.0376705551,0.0732659622,0.0701562912
12/13/2007,-0.175654959,-0.137006258,-0.092635406
12/14/2007,0.2027768504,0.1346203088,0.0823139361
12/17/2007,-0.106413927,-0.14216291,-0.148938962
12/18/2007,0.0497768153,0.0627482856,0.0218896765
12/19/2007,-0.259058676,-0.264320722,-0.246092567
12/20/2007,-0.06735568,-0.09832232,-0.11418739
12/21/2007,-0.086352023,-0.057390945,0.0244480519
12/24/2007,-1.655004221,-1.530118982,-1.596860578
12/26/2007,1.3824496838,1.3837701213,1.4391830243
12/27/2007,0.505473785,0.5087981096,0.5509330097
12/28/2007,0.4229400908,0.3622622371,0.3975768231
12/31/2007,-0.804873205,-0.742623485,-0.797396603
1/2/2008,1.19795143126501,0.919003617476838,1.01722789805893
1/3/2008,0.2192141104,0.2174946444,0.2557584605
1/4/2008,-0.038126101,0.0143619527,0.0394958076
1/7/2008,-0.019762701,-0.178037452,-0.167605949
1/8/2008,0.0378708244,0.0201779509,-0.02258013
1/9/2008,0.3408902761,0.3363855063,0.3162468993
1/10/2008,-0.073530043,-0.059036227,-0.022870962
1/11/2008,-0.080854797,-0.011670303,0.008208868
1/14/2008,-0.23318718,-0.231115078,-0.261105159
1/15/2008,0.0099946173,0.0735097089,0.0448618995
1/16/2008,0.0230858724,-0.130999772,-0.101874125
1/17/2008,-0.024494494,0.0826618647,0.0082418184
1/18/2008,-0.122295528,-0.103391093,-0.10685248
1/22/2008,0.3813709158,0.5204008963,0.643255525
1/23/2008,0.2417196246,0.1662383227,0.1408771841
1/24/2008,-0.154613492,-0.140530074,-0.20802044
1/25/2008,-0.347386579,-0.277393795,-0.187796875
1/28/2008,0.1068705395,0.0236274531,0.0128464348
1/29/2008,-0.111069829,-0.088968791,-0.11497953
1/30/2008,-0.156042952,-0.086204629,-0.055832076
1/31/2008,-0.092828421,-0.092021769,-0.083148576
2/1/2008,-0.218395729,-0.23543591,-0.372235513
2/4/2008,-0.145740804,-0.242270236,-0.114484534
2/5/2008,0.1214323259,0.124450104,0.0882379911
2/6/2008,-0.179540975,-0.150486192,-0.209760339
2/7/2008,0.2907674104,0.2414356084,0.2549180725
2/8/2008,0.0546107061,0.0067073293,-0.016666577
2/11/2008,-0.260000596,-0.261554994,-0.22456176
2/12/2008,-0.069182666,-0.067043599,-0.100307394
2/13/2008,-0.227308945,-0.220771861,-0.240224905
2/14/2008,-0.075729004,-0.08622702,-0.080859361
2/15/2008,0.2298917565,0.220192338,0.1994153871
2/19/2008,0.2914541974,0.4873994833,0.5762384866
2/20/2008,0.3691900411,0.2865566472,0.2463860069
2/21/2008,-0.378241096,-0.388234478,-0.351510706
2/22/2008,-0.00805358,-0.001268491,0.0197201592
2/25/2008,0.197724798,0.1134141822,0.1213464482
2/26/2008,-0.05343568,0.0558942041,0.043208195
2/27/2008,0.1404555308,0.1128223316,0.1124805044
2/28/2008,-0.113960687,-0.059125382,-0.061272648
2/29/2008,0.272891927,0.2045605284,0.2122857176
3/3/2008,-0.341503057,-0.222364351,-0.189236685
3/4/2008,0.2305515542,0.1443649075,0.1568227397
3/5/2008,-0.444652797,-0.404969772,-0.427819054
3/6/2008,0.3751505417,0.338244182,0.3199849763
3/7/2008,0.206980836,0.2205341598,0.2343362159
3/10/2008,-0.044059654,-0.044448361,-0.079238402
3/11/2008,-0.322036308,-0.326838436,-0.273759224
3/12/2008,0.0206166012,0.0633546934,0.0624476769
3/13/2008,0.4914538375,0.4662731924,0.4011774693
3/14/2008,-0.018570043,0.0847003574,0.157078466
3/17/2008,0.1002391193,0.0924800488,0.1278316335
3/18/2008,0.0719503573,-0.025252795,-0.036521929
3/19/2008,-0.237787124,-0.190502996,-0.20297258
3/20/2008,-0.476230717,-0.372302063,-0.31969037
3/24/2008,-0.358455392,-0.402610379,-0.380091403
3/25/2008,0.0705821962,0.0188574356,0.00240381
3/26/2008,0.0056122864,0.0316539279,0.0307301543
3/27/2008,-0.058277562,-0.022979779,0.0198038846
3/28/2008,0.197786448,0.2248343518,0.1666299159
3/31/2008,0.0677346202,0.0274790628,0.0132579653
4/1/2008,0.265738927212795,0.243242892840632,0.258385002576542
4/2/2008,0.0529824099,0.0487978979,-0.051143408
4/3/2008,0.1825530203,0.1987351514,0.1535400945
4/4/2008,0.215084541,0.1494248454,0.1748999082
4/7/2008,-0.047389156,-0.017923653,0.032096109
4/8/2008,-0.218754915,-0.206152709,-0.187537971
4/9/2008,0.0774891014,0.0614544204,0.0198101907
4/10/2008,-0.222967818,-0.186720872,-0.189459193
4/11/2008,0.2986983626,0.2504889402,0.218115725
4/14/2008,0.2243127174,0.1847044866,0.2307517523
4/15/2008,0.1142187479,0.1732167362,0.1502565609
4/16/2008,-0.288284871,-0.292648133,-0.344155585
4/17/2008,-0.214767109,-0.289254022,-0.238834115
4/18/2008,-0.43452541,-0.341788149,-0.331001331
4/21/2008,0.4447000512,0.3781970209,0.3829703034
4/22/2008,0.0046361913,-0.03308184,-0.008665334
4/23/2008,-0.103085457,-0.035455647,-0.070151397
4/24/2008,0.1204115998,0.1166286334,0.1536456587
4/25/2008,0.0463554168,-0.066834132,-0.14387161
4/28/2008,0.0643240489,0.0659666457,0.121303689
4/29/2008,0.0447679906,0.1003256683,0.0577480044
4/30/2008,0.001951252,0.0432793355,0.0162810306
5/1/2008,-0.038529132,-0.080139026,-0.046493506
5/2/2008,-0.051909736,-0.069270781,-0.098625717
5/5/2008,0.0884107572,0.0688638664,0.0599917387
5/6/2008,-0.093879606,-0.096118543,-0.042114762
5/7/2008,-0.183863211,-0.127350188,-0.117471537
5/8/2008,0.0885025736,0.0241064398,-0.033036494
5/9/2008,0.1352876696,0.0661495463,0.0720580818
5/12/2008,-0.369510204,-0.270959692,-0.230004743
5/13/2008,0.125511224,0.1049535097,0.0781672859
5/14/2008,0.0594035454,0.0935752568,0.079247299
5/15/2008,-0.133762953,-0.037856252,-0.018478588
5/16/2008,-0.090009872,-0.125204817,-0.090177424
5/19/2008,-0.039205846,-0.134686784,-0.181480849
5/20/2008,0.1163982258,0.0638162418,0.0229294698
5/21/2008,0.0191634658,0.0512810818,0.0800387026
5/22/2008,-0.279928726,-0.245266724,-0.310723519
5/23/2008,0.1860019742,0.089813757,0.1109142464
5/27/2008,0.3637753836,0.5686397703,0.6675986323
5/28/2008,0.1232735249,0.0489585415,0.0588006267
5/29/2008,-0.220699795,-0.155471839,-0.15666898
5/30/2008,0.1738714801,0.0828993956,0.0375984786
6/2/2008,-0.157865555,-0.116510932,-0.108058221
6/3/2008,0.1575670221,0.0726011949,0.0741968926
6/4/2008,-0.162341854,-0.104548129,-0.101273229
6/5/2008,-0.005524737,-0.047849917,-0.055076033
6/6/2008,0.2800311281,0.4097660193,0.3686768066
6/9/2008,-0.168676947,-0.285585188,-0.239306208
6/10/2008,0.0368591029,0.1167391504,0.1694932324
6/11/2008,-0.020515595,-0.043833146,-0.091217334
6/12/2008,-0.065513785,-0.033143065,-0.02202914
6/13/2008,-0.07617372,-0.126997521,-0.1470503
6/16/2008,-0.099392067,-0.070437977,-0.075389014
6/17/2008,0.1801241458,0.14422268,0.1434421062
6/18/2008,0.1189865385,0.1143180744,0.0821421215
6/19/2008,-0.295230832,-0.239905045,-0.255315522
6/20/2008,0.1674571539,0.1373306259,0.1781917852
6/23/2008,-0.230457402,-0.170813792,-0.089330475
6/24/2008,0.2236819553,0.1812295374,0.1023516373
6/25/2008,-0.021233283,-0.064837628,-0.080905099
6/26/2008,0.4210106515,0.409632265,0.3711774121
6/27/2008,-0.077950788,-0.037265935,0.0625202015
6/30/2008,0.19519449,0.1862121972,0.147020535
7/1/2008,0.015926507614018,0.0048584177061455,-0.117659546944874
7/2/2008,-0.036403129,-0.011979325,-0.106475794
7/3/2008,-0.206685769,-0.288320984,-0.236602184
7/7/2008,-0.498076737,-0.447379859,-0.334482668
7/8/2008,0.1467982701,0.1585241008,0.1475752422
7/9/2008,-0.058951611,-0.071323815,-0.151953405
7/10/2008,-0.139689088,-0.096308646,-0.055883317
7/11/2008,0.3197004744,0.2513254792,0.2531225699
7/14/2008,0.0427404535,0.0841340434,0.0581882891
7/15/2008,0.427659107,0.3956146522,0.4077636959
7/16/2008,-0.309347081,-0.281202455,-0.285537401
7/17/2008,-0.339732246,-0.266220666,-0.227067086
7/18/2008,-0.048248326,-0.117531984,-0.149216383
7/21/2008,-0.17346432,-0.305183592,-0.282200236
7/22/2008,-0.025669591,0.0327360101,0.0239608702
7/23/2008,-0.01372237,-0.060545904,-0.030848992
7/24/2008,-0.099795041,-0.065786447,-0.052384365
7/25/2008,0.2284500084,0.309034536,0.257865757
7/28/2008,-0.098684824,-0.143862719,-0.093395531
7/29/2008,-0.443648519,-0.487493535,-0.438029126
7/30/2008,0.3417940779,0.2546365886,0.1703721034
7/31/2008,-0.002950071,0.0171899503,-0.045880996
8/1/2008,0.3296387665,0.3189508188,0.2802298443
8/4/2008,-0.436067536,-0.408947641,-0.272446408
8/5/2008,-0.166869662,-0.192960994,-0.246226527
8/6/2008,-0.042503501,0.0290291131,0.0720721109
8/7/2008,0.1600271603,0.1899813957,0.1266995682
8/8/2008,0.1141989767,0.0303991751,0.0304726106
8/11/2008,0.0329408696,0.0390903929,0.1138860562
8/12/2008,-0.117626021,-0.157180771,-0.11073722
8/13/2008,0.0314644641,0.0785726463,-0.026172298
8/14/2008,-0.144063545,-0.148995405,-0.148542345
8/15/2008,0.3854500789,0.3577181224,0.3388095755
8/18/2008,-0.287015609,-0.323307227,-0.267375791
8/19/2008,-0.13347516,-0.01440088,0.0318076629
8/20/2008,-0.082822041,-0.102527602,-0.123039156
8/21/2008,0.0380644113,0.0697847281,-0.012266575
8/22/2008,0.2518825727,0.1885225182,0.2714151835
8/25/2008,-0.309947671,-0.259509885,-0.274181471
8/26/2008,-0.16892623,-0.154410822,-0.12544185
8/27/2008,0.1568021979,0.1480169696,0.0964350177
8/28/2008,0.1315258005,0.0842339181,0.0823662717
8/29/2008,-0.020812392,-0.010148565,-0.089690932
9/2/2008,0.419374837,0.5366691024,0.6313015886
9/3/2008,-0.018537781,-0.052036766,-0.040318841
9/4/2008,0.3588802958,0.3215924796,0.2604092713
9/5/2008,0.1532376489,0.122421456,0.1583626462
9/8/2008,-0.189952962,-0.24752575,-0.261182424
9/9/2008,0.1184942532,0.1528614009,0.102531788
9/10/2008,-0.121575041,-0.111021324,-0.040440533
9/11/2008,-0.047762407,-0.087227183,-0.136179555
9/12/2008,-0.25825924,-0.114569523,-0.069446506
9/15/2008,1.66924246,1.6972350804,1.5443330175
9/16/2008,0.0185824127,-0.069285159,-0.080073486
9/17/2008,0.1020611207,0.0645752984,0.0523887446
9/18/2008,0.2083733114,0.2981538219,0.3135973768
9/19/2008,-0.476848089,-0.420357109,-0.383494736
9/22/2008,-0.297291543,-0.346316603,-0.332297767
9/23/2008,0.0623717444,0.0985448247,0.0212862245
9/24/2008,-0.094522218,-0.000706761,0.0192263068
9/25/2008,0.2934320211,0.3396239112,0.2858807611
9/26/2008,0.3082277854,0.2787134732,0.2105022671
9/29/2008,0.4684223643,0.3595257518,0.3515437817
9/30/2008,-0.457379269,-0.380150148,-0.339226331
10/1/2008,-0.858493629639606,-0.869692396048882,-0.829734850734344
10/2/2008,0.0128239328,-0.07591864,-0.179588359
10/3/2008,-0.250341678,-0.249653935,-0.199661338
10/6/2008,1.0665307233,0.9900305436,0.9823778143
10/7/2008,-0.38193721,-0.255622678,-0.2945868
10/8/2008,0.1552215937,0.0620893545,0.0464368662
10/9/2008,0.2969995274,0.3235785508,0.2429061282
10/10/2008,0.7853954681,0.741364151,0.7171231079
10/13/2008,-1.376043829,-1.282474752,-1.179964206
10/14/2008,-0.529352067,-0.505932664,-0.453809299
10/15/2008,0.1775043685,0.1314122914,0.1748860032
10/16/2008,0.1780625823,0.0625935635,0.177168181
10/17/2008,-0.240031298,0.0246081269,-0.066516404
10/20/2008,-0.157679848,-0.30260053,-0.336580946
10/21/2008,0.0625393282,0.0511328117,0.0560336149
10/22/2008,0.3382512199,0.3014007587,0.2870550347
10/23/2008,-0.080629476,-0.031706323,-0.051192101
10/24/2008,0.1696799927,0.0686297154,0.0880791611
10/27/2008,-0.067411009,0.0052274998,0.0358708742
10/28/2008,-0.120775664,-0.186185725,-0.162656207
10/29/2008,-0.45687888,-0.419397513,-0.440779428
10/30/2008,0.1493678463,0.0565539026,0.0079564344
10/31/2008,-0.327039114,-0.162362296,-0.155006006
11/3/2008,-0.216232826,-0.337814799,-0.246012572
11/4/2008,-0.130755703,-0.184785398,-0.222498967
11/5/2008,-0.053725553,-0.067427369,0.0190968545
11/6/2008,0.5756936083,0.6101006167,0.5753118992
11/7/2008,0.3406248071,0.3128320232,0.2476451917
11/10/2008,0.0303246995,0.0555174147,0.0787080982
11/11/2008,-0.330302978,-0.316738664,-0.396392901
11/12/2008,0.4312039579,0.4502440109,0.4647446771
11/13/2008,0.3522081584,0.2719235859,0.2265577042
11/14/2008,-0.408234181,-0.356196629,-0.285172009
11/17/2008,0.1858645965,0.1798808467,0.1460269639
11/18/2008,-0.129444109,-0.159135226,-0.168514598
11/19/2008,0.1294031663,0.1588127995,0.2311867777
11/20/2008,0.4025567357,0.3433370816,0.248772294
11/21/2008,0.1796056285,0.1152732326,0.1361935052
11/24/2008,-0.921763018,-0.790881749,-0.796394897
11/25/2008,-0.209011694,-0.227256462,-0.259878585
11/26/2008,-1.156049495,-1.226971578,-1.138962912
11/28/2008,-1.503790368,-1.469038997,-1.29634941
12/1/2008,2.977053985,2.9781561004,2.7407342777
12/2/2008,0.3183707398,0.2962749493,0.2900862504
12/3/2008,-0.044777729,0.0418446654,0.0164357654
12/4/2008,0.2186829746,0.1770549906,0.1719110377
12/5/2008,0.3235183256,0.2975246486,0.2234494674
12/8/2008,-0.175181368,-0.130176346,-0.101228679
12/9/2008,-0.139248067,-0.242087879,-0.219623498
12/10/2008,-0.214249758,-0.14149974,-0.119344589
12/11/2008,0.320686735,0.2712545984,0.2593655336
12/12/2008,0.1913780113,0.2451192876,0.1973400879
12/15/2008,-0.442722002,-0.463291897,-0.420808847
12/16/2008,0.0316262683,-0.08651769,-0.118591286
12/17/2008,-0.007918863,0.1057608866,0.1046654424
12/18/2008,0.0470691149,-0.052367854,-0.093184154
12/19/2008,-0.539325286,-0.555531228,-0.450260954
12/22/2008,-0.603522421,-0.59407709,-0.514212816
12/23/2008,-0.011078912,-0.006708133,-0.087228176
12/24/2008,-0.648796355,-0.678290087,-0.638129231
12/26/2008,0.623361104,0.4973095642,0.5453667276
12/29/2008,0.3088777675,0.4790300748,0.5389022473
12/30/2008,0.3050315113,0.3412246528,0.3382911935
12/31/2008,-0.430605769,-0.422337901,-0.558803746
1/2/2009,0.433641100356808,0.522102244039219,0.419262679086339
1/5/2009,0.4947984741,0.5055970264,0.5824802485
1/6/2009,0.1069560984,0.0776671273,0.0831988813
1/7/2009,0.0849503491,0.1084956821,0.0158604498
1/8/2009,0.0299246418,0.0163215675,0.0082825005
1/9/2009,0.3393599384,0.3633611751,0.3349850006
1/12/2009,-0.408511763,-0.438661486,-0.379530525
1/13/2009,-0.466861189,-0.430251093,-0.383296386
1/14/2009,0.1135995322,0.1142770409,0.1069375894
1/15/2009,-0.178266671,-0.122692932,-0.082951574
1/16/2009,-0.044249104,-0.07251109,-0.089579299
1/20/2009,0.0639262868,-0.016068771,-0.139272036
1/21/2009,0.4973248524,0.5514888373,0.6898689819
1/22/2009,0.3002948879,0.2519979029,0.2292470516
1/23/2009,0.0979742421,0.027268996,-0.023192974
1/26/2009,0.0899691192,0.0734846824,0.0831597366
1/27/2009,-0.40753923,-0.302414169,-0.326447057
1/28/2009,-0.299300372,-0.307166969,-0.267901289
1/29/2009,0.4110010653,0.4202307855,0.4479494307
1/30/2009,0.1717674017,0.0631592387,0.0571102296
2/2/2009,-0.23767649,-0.162226476,-0.147475902
2/3/2009,-0.188697865,-0.199133201,-0.186632779
2/4/2009,0.0077394054,0.0204219385,-0.001726246
2/5/2009,0.035184343,0.0273970253,0.030603062
2/6/2009,0.2500333686,0.1803529085,0.1984709524
2/9/2009,-0.325349534,-0.249776594,-0.332457805
2/10/2009,0.2509102385,0.1195874513,0.108032241
2/11/2009,-0.204051746,-0.14946359,-0.140262037
2/12/2009,-0.074007952,-0.028519755,-0.056638962
2/13/2009,-0.277712156,-0.297234163,-0.284373109
2/17/2009,1.351103757,1.3408829026,1.3043081131
2/18/2009,-0.140182666,-0.059050744,-0.067962254
2/19/2009,-0.151444191,-0.14489216,-0.088833428
2/20/2009,0.2192423951,0.1471462964,0.0975753222
2/23/2009,-0.158873198,-0.153527227,-0.134898939
2/24/2009,-0.014102732,0.015167901,-0.019073491
2/25/2009,-0.325193052,-0.331382967,-0.266129811
2/26/2009,-0.080343311,-0.040114927,0.0042343271
2/27/2009,0.3138656739,0.1960973728,0.1648865669
3/2/2009,-0.106929062,-0.054520326,-0.089403714
3/3/2009,0.1482110477,0.1661650893,0.1947852423
3/4/2009,-0.043754409,-0.047443059,-0.073058187
3/5/2009,0.146136644,0.1049732928,0.0675743782
3/6/2009,0.2912648102,0.2335765233,0.2344733028
3/9/2009,-0.465230499,-0.420428173,-0.429950447
3/10/2009,-0.14137764,-0.099491738,-0.03704294
3/11/2009,-0.222640675,-0.16511151,-0.110391311
3/12/2009,-0.114383541,-0.197575638,-0.189243663
3/13/2009,-0.042141638,-0.066664556,-0.048684631
3/16/2009,-0.222024779,-0.107080041,-0.134111881
3/17/2009,0.0434369683,0.021494082,0.0159677217
3/18/2009,0.0399655809,0.0321903254,0.043228815
3/19/2009,0.0047968454,0.0133072449,-0.048206045
3/20/2009,0.3149882231,0.2585719409,0.2533140323
3/23/2009,0.2665123939,0.2966656445,0.3481096003
3/24/2009,-0.21869624,-0.260080251,-0.181815988
3/25/2009,0.0076730158,0.0125732573,-0.055335803
3/26/2009,-0.215542042,-0.099606996,-0.104851424
3/27/2009,-0.191114801,-0.198768191,-0.21029509
3/30/2009,0.4922004405,0.3416840636,0.35166612
3/31/2009,-0.23674371,-0.203004939,-0.153178181
4/1/2009,-0.287988254129051,-0.235842278520638,-0.228462500923521
4/2/2009,0.3167624194,0.3737502129,0.3983474332
4/3/2009,0.0568304657,-0.048200486,-0.087793023
4/6/2009,-0.187910095,-0.14804036,-0.069467056
4/7/2009,0.0364005009,0.0368524374,-0.003773488
4/8/2009,0.0192127857,0.0386380853,0.0630148362
4/9/2009,-0.425801302,-0.343056742,-0.251744724
4/13/2009,0.0908625492,-0.079207519,-0.029587531
4/14/2009,0.1813070329,0.1505246154,0.1671774813
4/15/2009,-0.243818221,-0.130367032,-0.062021697
4/16/2009,-0.291314937,-0.355891939,-0.437281179
4/17/2009,-0.092612007,-0.023547758,-0.136940585
4/20/2009,0.2946268233,0.3148611708,0.2748695843
4/21/2009,-0.239727648,-0.29903015,-0.340635979
4/22/2009,0.1885984169,0.1436781023,0.177984723
4/23/2009,-0.024139771,0.0094750929,-0.043641144
4/24/2009,-0.103625786,-0.058125936,-0.022057037
4/27/2009,0.0431634205,0.0830887451,0.2442140194
4/28/2009,-0.196395546,-0.194928575,-0.317767289
4/29/2009,0.1086485784,0.1090273814,0.0566979127
4/30/2009,-0.068179793,-0.086138459,-0.054024683
5/1/2009,0.1297873723,0.120065218,0.1152368308
5/4/2009,-0.028727519,-0.043839812,0.0460670702
5/5/2009,-0.202080816,-0.128465762,-0.172594003
5/6/2009,-0.206960854,-0.240149366,-0.246152698
5/7/2009,0.1675439429,0.1036151971,0.0732887451
5/8/2009,0.032137791,0.0642489066,0.0748272189
5/11/2009,0.1861630836,0.2017162093,0.1773088789
5/12/2009,-0.28815689,-0.280142168,-0.212928082
5/13/2009,0.054402754,0.0191106977,-0.061441664
5/14/2009,-0.101108265,-0.095106283,-0.05239293
5/15/2009,-0.051927864,-0.1225111,-0.125477239
5/18/2009,0.0474398779,0.1582545846,0.118876193
5/19/2009,-0.186886994,-0.269417213,-0.148876552
5/20/2009,0.1752202172,0.1964326345,0.1636412373
5/21/2009,-0.10485066,-0.09076366,-0.12087939
5/22/2009,0.0893341556,-0.020502751,-0.094770395
5/26/2009,0.670080925,0.7054971976,0.6856350407
5/27/2009,0.3621555025,0.3909325389,0.3771635629
5/28/2009,0.0631592317,0.0687120096,0.0590297879
5/29/2009,0.1467310709,0.1060533655,0.2113880536
6/1/2009,0.3101446113,0.2498582393,0.1592329159
6/2/2009,-0.331517865,-0.319030096,-0.259848024
6/3/2009,-0.217949262,-0.079578066,-0.102028258
6/4/2009,-0.272060878,-0.322240218,-0.289482302
6/5/2009,0.0720383566,0.0476400672,0.0568614397
6/8/2009,-0.101245318,-0.035487882,-0.057476006
6/9/2009,0.050781468,0.0393768276,0.0642700244
6/10/2009,0.0088076781,-0.063962252,-0.133629104
6/11/2009,0.1067293982,0.2033612627,0.2452742855
6/12/2009,-0.470433141,-0.459638585,-0.38660857
6/15/2009,0.5846762069,0.5238676112,0.4931566502
6/16/2009,-0.245358859,-0.202749227,-0.255789585
6/17/2009,-0.06829459,-0.022758861,-0.001803055
6/18/2009,-0.09778822,-0.17404143,-0.170280385
6/19/2009,-0.150543533,-0.064290898,-0.079055797
6/22/2009,0.4082609203,0.3095344276,0.2892650659
6/23/2009,-0.34549573,-0.261962024,-0.247419901
6/24/2009,0.0511824214,0.0214427834,0.079246411
6/25/2009,-0.290957647,-0.254845571,-0.292217491
6/26/2009,-0.197339013,-0.247837382,-0.218533489
6/29/2009,0.4673038789,0.5035569328,0.5398057409
6/30/2009,0.1072418906,0.0904582528,0.0533571204
7/1/2009,-0.0773215023766546,-0.0690062749185442,-0.0916673725654575
7/2/2009,-0.319916656,-0.361067311,-0.298172307
7/6/2009,-0.066342307,-0.009463488,-0.029684241
7/7/2009,-0.010077964,-0.033494201,-0.118331794
7/8/2009,0.0025683543,0.0575054144,0.0943615634
7/9/2009,-0.030111933,-0.081855205,-0.049743956
7/10/2009,0.0173970358,0.0359368319,0.0480853198
7/13/2009,0.176824878,0.1769507993,0.1429989872
7/14/2009,-0.132908201,-0.148748443,-0.124157096
7/15/2009,-0.12387133,-0.128370229,-0.125721481
7/16/2009,-0.013737873,0.023843446,0.0333335188
7/17/2009,-0.11480109,-0.080525421,-0.048362228
7/20/2009,0.453929282,0.331926212,0.2414456881
7/21/2009,-0.293086773,-0.244760596,-0.265561671
7/22/2009,-0.124744162,-0.030755529,0.0131111889
7/23/2009,-0.183895957,-0.20253151,-0.181613915
7/24/2009,0.1863775989,0.0865626861,0.0590610154
7/27/2009,0.0018384692,0.0753661738,0.0910873877
7/28/2009,-0.354754792,-0.325284238,-0.272407366
7/29/2009,-0.303701353,-0.272213632,-0.297980543
7/30/2009,0.1494851633,0.1989191028,0.1549602502
7/31/2009,0.5293453019,0.3800044721,0.305976594
8/3/2009,-0.239246627,-0.146131408,-0.033258508
8/4/2009,-0.662917339,-0.629036176,-0.571917298
8/5/2009,0.2580339066,0.25035007,0.2133510138
8/6/2009,-0.128469737,-0.143362756,-0.160967732
8/7/2009,0.0675842265,0.09518031,0.083188882
8/10/2009,-0.221216927,-0.166727448,-0.113570829
8/11/2009,0.0817699768,0.015954932,0.0341924951
8/12/2009,0.0160215004,0.0931696656,0.0536945903
8/13/2009,-0.093247393,-0.113150277,-0.081176965
8/14/2009,0.0999944672,0.1059899855,0.1105291727
8/17/2009,0.098586035,0.0465605318,0.0516964212
8/18/2009,-0.354299735,-0.251001908,-0.23802583
8/19/2009,0.1312601598,0.0010490854,0.0419505922
8/20/2009,-0.178758819,-0.128898346,-0.156903968
8/21/2009,0.4825712982,0.3749981357,0.3572993951
8/24/2009,-0.131163303,-0.091218758,-0.118426569
8/25/2009,0.1240155342,0.0874069553,0.1159908331
8/26/2009,-0.144011538,-0.140837547,-0.164592309
8/27/2009,0.3512786849,0.3425816938,0.3817136348
8/28/2009,-0.338723452,-0.285634992,-0.324331454
8/31/2009,0.3642002365,0.3512609389,0.3604197007
9/1/2009,-0.23808053,-0.230358128,-0.244018631
9/2/2009,-0.080307137,-0.139041032,-0.106990503
9/3/2009,0.1987984494,0.1477455547,0.1021667642
9/4/2009,-0.029261048,-0.017120281,-0.069153343
9/8/2009,1.1528301504,1.1319179125,1.1328364056
9/9/2009,-0.077661791,-0.066470026,-0.082742163
9/10/2009,-0.086124184,-0.036281675,-0.022093216
9/11/2009,-0.036932781,-0.088940804,-0.111417983
9/14/2009,-0.268635616,-0.335389274,-0.260104026
9/15/2009,-0.011497686,0.0661900918,0.0136351449
9/16/2009,0.1677197673,0.0887947247,0.0406698547
9/17/2009,-0.061532695,-0.060232633,-0.013796629
9/18/2009,-0.085336277,-0.035726933,-0.021856261
9/21/2009,-0.04216892,-0.031551098,-0.057624455
9/22/2009,0.0221689603,-0.03789881,-0.021046736
9/23/2009,-0.268386142,-0.238992016,-0.249816276
9/24/2009,-0.005336964,0.0182160338,-0.002870765
9/25/2009,-0.158449361,-0.198871824,-0.164574388
9/28/2009,-0.25581206,-0.125003192,-0.079690995
9/29/2009,0.0117002222,0.0059423478,-0.027435102
9/30/2009,-0.291815874,-0.288370394,-0.287551903
10/1/2009,0.179675520475558,0.104268540317201,0.109213328646886
10/2/2009,-0.037078336,-0.035971337,0.058354478
10/5/2009,0.3858126701,0.4124704848,0.3204605471
10/6/2009,0.2747407515,0.0959011936,0.084237631
10/7/2009,-0.06796795,0.0146083134,-0.009625027
10/8/2009,-0.103020393,-0.134266637,-0.101856877
10/9/2009,-0.265889357,-0.276446813,-0.28928967
10/12/2009,0.0392830959,0.0811271935,0.0614163926
10/13/2009,0.386104058,0.3289631941,0.3992046085
10/14/2009,-0.202717191,-0.075404898,-0.118707012
10/15/2009,-0.131209844,-0.14183001,-0.076010167
10/16/2009,-0.28795515,-0.230339436,-0.258531681
10/19/2009,0.320861199,0.323608769,0.3182443312
10/20/2009,0.0781426534,0.0243717275,0.0143828252
10/21/2009,-0.189254132,-0.126371177,-0.128772909
10/22/2009,0.0882794555,0.0301008474,-0.016566002
10/23/2009,-0.244188392,-0.159900451,-0.127735366
10/26/2009,0.2497618913,0.4709877026,0.4591175042
10/27/2009,0.0263877589,-0.161077399,-0.160321521
10/28/2009,-0.028723883,-0.036350707,-0.030391334
10/29/2009,0.1509090127,0.1007670477,0.0797245317
10/30/2009,-0.239843304,-0.233630377,-0.231695008
11/2/2009,0.4749393586,0.3471893178,0.4503709972
11/3/2009,-0.169789818,-0.242691295,-0.304132255
11/4/2009,-0.048563294,-0.015420994,-0.043424895
11/5/2009,0.0800375119,0.0700894109,0.0758943
11/6/2009,0.1402152629,0.1366623302,0.1362994947
11/9/2009,0.1394594064,0.0989114628,0.0539620145
11/10/2009,-0.233463128,-0.178674528,-0.114793446
11/11/2009,-0.387324318,-0.416620205,-0.471539099
11/12/2009,0.6028680561,0.590049943,0.638887049
11/13/2009,-0.199129915,-0.082794818,-0.033906644
11/16/2009,0.1833048143,0.1819553934,0.0721580445
11/17/2009,-0.022533013,-0.073086051,-0.079339373
11/18/2009,0.0613338937,0.0687585885,0.0492814019
11/19/2009,-0.000880031,-0.012961618,0.0265314835
11/20/2009,-0.269277537,-0.218266758,-0.207255055
11/23/2009,-0.121428467,-0.141131404,-0.120378741
11/24/2009,-0.47281889,-0.405760729,-0.440712213
11/25/2009,-1.338020594,-1.2552743,-1.244292556
11/27/2009,-0.543416373,-0.535257709,-0.561581186
11/30/2009,2.5738423361,2.4272116846,2.4237048158
12/1/2009,0.2532663761,0.2503251509,0.2407116103
12/2/2009,0.0303028953,0.0397244671,0.0270926476
12/3/2009,0.0028063576,-0.052163382,-0.001838491
12/4/2009,0.1579290094,0.142632532,0.0799975853
12/7/2009,-0.071952079,-0.130361428,-0.098135192
12/8/2009,0.0501832879,0.0155913229,0.0011150565
12/9/2009,-0.103626554,-0.084380607,-0.094939281
12/10/2009,0.1891952528,0.1865747003,0.2057653372
12/11/2009,0.099182597,0.0594789228,0.0213842312
12/14/2009,0.1603994805,0.1138231437,0.137536644
12/15/2009,-0.308592703,-0.249315521,-0.202381226
12/16/2009,-0.125673712,-0.102505756,-0.162325663
12/17/2009,-0.066180547,-0.069518841,0.0031922429
12/18/2009,-0.324621764,-0.303446116,-0.348115206
12/21/2009,-0.771418554,-0.608847217,-0.547500546
12/22/2009,0.0443440799,0.0011108874,-0.123179384
12/23/2009,-0.767537901,-0.70796925,-0.626056224
12/24/2009,-0.856256583,-0.953326561,-0.94839414
12/28/2009,1.1559077629,1.4119672102,1.4621971109
12/29/2009,0.029575718,0.0359420256,-0.031834635
12/30/2009,0.1864835079,0.0911011781,0.167084963
12/31/2009,-0.47071683,-0.574300108,-0.621807527
1/4/2010,1.16874461794784,0.961170263749191,1.09753485374075
1/5/2010,-0.074193559,-0.122385296,-0.145425473
1/6/2010,0.2123068809,0.2173925135,0.1967254293
1/7/2010,-0.5655308,-0.482656983,-0.467565624
1/8/2010,0.2359385762,0.2409835502,0.2604558765
1/11/2010,0.1768094269,0.0880062791,0.0673623209
1/12/2010,-0.069360855,-0.061584714,-0.125986839
1/13/2010,-0.076302078,-0.039565829,0.0079662198
1/14/2010,-0.051408973,0.1900976488,0.0866639713
1/15/2010,0.0035371884,0.1462940778,0.19812896
1/19/2010,0.3862642575,0.1411025993,0.1433456827
1/20/2010,0.1147321322,0.0877309361,0.1447321381
1/21/2010,0.1107506434,0.1107143151,0.0748017169
1/22/2010,-0.021589161,-0.01127934,-0.02004978
1/25/2010,-0.288061156,-0.276866131,-0.291067753
1/26/2010,-0.081683631,-0.127924675,-0.073954737
1/27/2010,-0.190816366,-0.176936026,-0.204768809
1/28/2010,-0.1406914,-0.118671352,-0.064803822
1/29/2010,0.2051457881,0.1275707345,0.0598090758
2/1/2010,-0.335124626,-0.273432143,-0.233930548
2/2/2010,-0.018996174,-0.089418723,-0.082107038
2/3/2010,-0.129079581,-0.057473363,-0.07372284
2/4/2010,0.2839833185,0.2328391374,0.1834056497
2/5/2010,-0.046758736,-0.12014648,-0.04890368
2/8/2010,-0.457829162,-0.402951521,-0.448132702
2/9/2010,-0.197198432,-0.228915517,-0.223631535
2/10/2010,-0.22860183,-0.168061646,-0.121484461
2/11/2010,0.2140868113,0.1880135421,0.1787664331
2/12/2010,-0.167088732,-0.101466642,-0.0042259
2/16/2010,1.0655730733,0.99500155,0.9433392022
2/17/2010,-0.145523998,-0.121287237,-0.156511442
2/18/2010,0.2933229219,0.2250242103,0.2029608324
2/19/2010,0.0495240463,0.084761981,0.0845537425
2/22/2010,-0.012013758,0.0083488677,0.0734502968
2/23/2010,-0.23257623,-0.280060095,-0.272175024
2/24/2010,-0.161098406,-0.153431614,-0.172845266
2/25/2010,-0.264025354,-0.200782274,-0.173751846
2/26/2010,0.0970108695,0.1418867938,0.1468542031
3/1/2010,0.5387155237,0.5009053243,0.4472859743
3/2/2010,-0.388833137,-0.330703655,-0.31220608
3/3/2010,0.250793981,0.1705782574,0.1365290177
3/4/2010,-0.199660073,-0.13600801,-0.111914259
3/5/2010,0.2738072187,0.28066638,0.2822006065
3/8/2010,-0.387600101,-0.339879434,-0.304199396
3/9/2010,0.1966822233,0.2030047386,0.1491783069
3/10/2010,-0.334529222,-0.308018141,-0.259563571
3/11/2010,0.2672762347,0.2823062759,0.237782169
3/12/2010,0.0855961692,0.0918408098,0.1077122277
3/15/2010,-0.039312359,-0.102348045,-0.114987184
3/16/2010,-0.167109235,-0.257434424,-0.258965384
3/17/2010,0.0841662944,0.0344450562,0.0328927883
3/18/2010,-0.208152283,-0.190932155,-0.135940657
3/19/2010,0.1244291803,0.0844080595,0.1065482132
3/22/2010,0.5639788334,0.5195999646,0.6720673743
3/23/2010,-0.096071644,-0.170895731,-0.20210931
3/24/2010,-0.103393066,-0.055446288,-0.142887518
3/25/2010,0.0082945941,-0.037016821,-0.038307228
3/26/2010,0.0442959561,0.1163654995,0.1183010817
3/29/2010,-0.080549159,-0.127276253,-0.15443721
3/30/2010,-0.236404775,-0.202169007,-0.209837658
3/31/2010,-0.107441028,-0.105814292,-0.158843996
4/1/2010,-0.0900005805549255,-0.165898524004175,-0.150412697397079
4/5/2010,-0.233985205,-0.175655941,-0.263342342
4/6/2010,0.1582851272,0.0410287491,0.0427268066
4/7/2010,0.0168125206,0.0772797249,0.1218825573
4/8/2010,-0.003832735,-0.025576696,-0.068020204
4/9/2010,0.2734013972,0.2671539811,0.2284131762
4/12/2010,0.4009047497,0.4063069921,0.3953916589
4/13/2010,0.015357826,-0.013340511,0.0060580695
4/14/2010,-0.188259362,-0.151086285,-0.137339933
4/15/2010,0.0859797117,0.121595097,0.0789526901
4/16/2010,0.0414343097,0.0411091556,0.0295219901
4/19/2010,-0.107040926,-0.128703622,-0.115117685
4/20/2010,-0.334254014,-0.255856137,-0.191093978
4/21/2010,0.0219542873,-0.02983099,-0.033124941
4/22/2010,0.0512890729,0.1046839337,0.0843068203
4/23/2010,-0.382789738,-0.384030976,-0.329255187
4/26/2010,0.1797487836,0.1710108067,0.1309631523
4/27/2010,0.1123311551,0.1104729129,0.192800812
4/28/2010,0.0965560565,0.1171939502,0.0722788188
4/29/2010,-0.060908575,-0.035718359,-0.059148958
4/30/2010,0.1000050223,0.0593152389,0.0158321123
5/3/2010,-0.036349231,-0.132789753,-0.067183111
5/4/2010,0.0882356876,0.1330050964,0.0369593442
5/5/2010,-0.307171064,-0.245103807,-0.190920728
5/6/2010,0.5198184735,0.4875994499,0.4128370238
5/7/2010,-0.07862078,-0.109030979,-0.063930532
5/10/2010,0.0811066414,0.0894141969,0.1590702156
5/11/2010,-0.040483947,0.0014952965,-0.071736676
5/12/2010,-0.080422122,-0.099237987,-0.11482457
5/13/2010,-0.116687062,-0.086295114,-0.074336619
5/14/2010,-0.103788156,-0.123243196,-0.146711042
5/17/2010,0.1176576114,0.0164225248,-0.017407582
5/18/2010,-0.184946702,-0.101238234,-0.069839128
5/19/2010,-0.114755825,-0.124419302,-0.130283336
5/20/2010,0.1185869876,0.1652575706,0.1503236078
5/21/2010,-0.085414028,-0.118343642,-0.086202681
5/24/2010,-0.16793249,-0.201369219,-0.226151284
5/25/2010,0.2369496744,0.2627702763,0.2289304831
5/26/2010,-0.47068771,-0.426685414,-0.360109551
5/27/2010,0.1527361864,0.0643635753,0.0193373127
5/28/2010,-0.580212929,-0.439070151,-0.378908161
6/1/2010,1.0015078797,0.9278713222,0.9753768854
6/2/2010,0.1414492638,0.1882041536,0.1253298988
6/3/2010,-0.1475189,-0.206313896,-0.111940967
6/4/2010,0.2292980619,0.2248116291,0.1205222212
6/7/2010,0.109570595,0.0780123378,0.1025849659
6/8/2010,0.2147705634,0.1959636115,0.0632324179
6/9/2010,-0.216881598,-0.176121802,-0.067003428
6/10/2010,-0.038591896,0.0049484134,-0.025061576
6/11/2010,-0.216199575,-0.171630185,-0.153098079
6/14/2010,0.065830038,-0.031252518,0.0095168891
6/15/2010,-0.069726492,-0.014730259,-0.076816114
6/16/2010,-0.092168863,-0.118521235,-0.066796611
6/17/2010,0.2616542314,0.2948638658,0.2460622169
6/18/2010,-0.091185568,-0.188888105,-0.178427641
6/21/2010,-0.013733731,0.0858199921,0.1160906995
6/22/2010,-0.031964625,-0.097223334,-0.117966675
6/23/2010,-0.28359153,-0.208323791,-0.180297795
6/24/2010,0.2355623865,0.2149498361,0.1765006887
6/25/2010,0.40815305,0.2764683003,0.3130163776
6/28/2010,0.0682875452,0.0097430357,-0.090628676
6/29/2010,0.1716246167,0.2363505678,0.2397799961
6/30/2010,-0.237728248,-0.245311889,-0.195215012
7/1/2010,0.131116446036504,0.0232706911132589,-0.0161793069481362
7/2/2010,-0.214494573,-0.255691827,-0.314751079
7/6/2010,0.7424048848,0.7284364867,0.6453429759
7/7/2010,-0.255887847,-0.242420078,-0.202028039
7/8/2010,-0.075597835,0.0006167631,0.0484027296
7/9/2010,-0.050798465,-0.051574073,-0.110932206
7/12/2010,0.2478354197,0.2648470751,0.327742034
7/13/2010,-0.044010603,-0.073670953,-0.100168825
7/14/2010,-0.030719194,-0.068937119,-0.087574194
7/15/2010,-0.271973958,-0.205746173,-0.237738312
7/16/2010,0.1975392651,0.1139946349,0.0781042033
7/19/2010,-0.31327096,-0.254639684,-0.09746811
7/20/2010,0.3540349247,0.4059434861,0.343920155
7/21/2010,-0.191156508,-0.21828692,-0.185582232
7/22/2010,0.135257868,0.1121345372,0.1054744916
7/23/2010,-0.503552088,-0.396260667,-0.421735786
7/26/2010,0.1935057131,0.1003038307,0.0671097309
7/27/2010,-0.011653323,-0.006723396,0.0380210305
7/28/2010,-0.214603055,-0.316815831,-0.335154543
7/29/2010,-0.039862769,0.010926888,-0.006104828
7/30/2010,0.0895152375,0.0240748998,0.0917194688
8/2/2010,-0.056086035,-0.077919079,-0.084997176
8/3/2010,-0.232173762,-0.16291185,-0.172093906
8/4/2010,-0.107926754,-0.144092216,-0.047373409
8/5/2010,-0.036973966,-0.017861895,-0.078791391
8/6/2010,0.228981725,0.2420503216,0.1416978209
8/9/2010,-0.039915864,-0.112510801,-0.009411259
8/10/2010,-0.006263311,-0.003131783,-0.025729294
8/11/2010,-0.131468626,-0.071172735,-0.046507236
8/12/2010,0.1811251583,0.0905757705,0.1014266759
8/13/2010,-0.079295335,-0.098355819,-0.099530041
8/16/2010,0.2832631871,0.2732488211,0.2059996403
8/17/2010,-0.41784207,-0.323482102,-0.238153109
8/18/2010,-0.169963831,-0.150326778,-0.113595152
8/19/2010,0.1177650271,0.131261125,0.1111504223
8/20/2010,0.376538403,0.3280114318,0.2690984933
8/23/2010,-0.170416514,-0.181693625,-0.172522295
8/24/2010,0.1023984534,0.0735097709,0.0993249964
8/25/2010,0.2459157293,0.289139372,0.2542991694
8/26/2010,0.0120065084,-0.01392257,-0.01303967
8/27/2010,0.2642835996,0.2597329408,0.1764620793
8/30/2010,-0.471409172,-0.344410315,-0.24235134
8/31/2010,0.1829948523,0.1398040265,0.0522309096
9/1/2010,-0.254544389,-0.262170309,-0.235251372
9/2/2010,-0.014027962,-0.08764691,-0.069741028
9/3/2010,-0.268687358,-0.113030476,-0.111014501
9/7/2010,0.9444787323,0.8872092652,0.8673916394
9/8/2010,0.1571004929,0.180620404,0.1086305599
9/9/2010,-0.297515466,-0.308017012,-0.210224762
9/10/2010,0.0188386119,-0.007047706,-0.016513995
9/13/2010,0.1004784778,0.1213625918,0.1034262775
9/14/2010,0.1411189593,0.0903273552,0.1213735355
9/15/2010,-0.241164892,-0.19848691,-0.249321425
9/16/2010,0.2011225876,0.1863411269,0.2431074288
9/17/2010,-0.024107959,-0.079348566,-0.141165514
9/20/2010,0.0240712179,0.0297100325,0.0365596878
9/21/2010,-0.099757006,-0.098454699,-0.079455663
9/22/2010,-0.036335314,-0.061236692,0.0258467083
9/23/2010,-0.139851937,-0.121919016,-0.196460578
9/24/2010,-0.193122098,-0.216402688,-0.148288071
9/27/2010,-0.029545754,0.0317549728,-0.009269281
9/28/2010,-0.040441391,-0.096285024,-0.133822192
9/29/2010,0.0386545026,0.0223448327,0.0860799273
9/30/2010,-0.294338059,-0.265204128,-0.285266083
10/1/2010,-0.0518864072677157,-0.106094768688287,-0.162405203907416
10/4/2010,0.2944809006,0.2714077342,0.244709059
10/5/2010,0.1601081886,0.0809555552,0.0623307667
10/6/2010,-0.140919673,-0.08276381,-0.011240094
10/7/2010,0.2227406142,0.2285501869,0.2433307959
10/8/2010,-0.431585104,-0.411012832,-0.390934835
10/11/2010,-0.173553435,-0.141017161,-0.190475092
10/12/2010,-0.058777039,-0.071761696,-0.038280357
10/13/2010,0.0627614004,0.0190584047,0.0353927842
10/14/2010,0.4447182537,0.4668493302,0.4620601801
10/15/2010,-0.369718012,-0.308485872,-0.316767405
10/18/2010,0.3340243167,0.3049521591,0.3021469959
10/19/2010,0.1777804575,0.0743035768,0.0982161857
10/20/2010,-0.135963838,-0.078944542,-0.118674074
10/21/2010,-0.063102918,0.0190006568,-0.023828813
10/22/2010,-0.041285434,-0.161952551,-0.171184917
10/25/2010,0.2682071968,0.3395801836,0.4108606636
10/26/2010,-0.40312385,-0.407985933,-0.386227898
10/27/2010,-0.073934564,-0.01685891,-0.023204584
10/28/2010,0.2069481652,0.1050584349,0.0716584988
10/29/2010,-0.139249606,-0.1670555,-0.13378568
11/1/2010,0.6857535066,0.7136123578,0.587611567
11/2/2010,-0.661747311,-0.580099149,-0.489383717
11/3/2010,0.1630863747,0.184065176,0.1450539485
11/4/2010,0.477314607,0.4000896203,0.4150510662
11/5/2010,0.123100026,0.1014834442,0.1355843792
11/8/2010,-0.030554205,-0.012447066,-0.09023767
11/9/2010,-0.082929597,-0.091392557,-0.076357712
11/10/2010,-0.205812004,-0.152771594,-0.114754173
11/11/2010,-0.552820666,-0.579879218,-0.536492039
11/12/2010,0.3762382968,0.4964945868,0.3595318948
11/15/2010,0.1768335997,0.0678791577,0.1175455669
11/16/2010,0.0176657148,0.0349857443,0.0289316403
11/17/2010,-0.006984184,-0.017786805,0.0051485758
11/18/2010,-0.01408335,-0.029384413,0.0115990431
11/19/2010,-0.192076829,-0.185776538,-0.167666035
11/22/2010,-0.32557765,-0.284415145,-0.38339466
11/23/2010,-0.394609411,-0.487998362,-0.466624925
11/24/2010,-1.347534987,-1.399292439,-1.325128231
11/26/2010,-0.971442365,-0.887578658,-1.021677822
11/29/2010,2.7838660175,2.8132457168,2.9236402405
11/30/2010,0.4033651725,0.442196132,0.4285296075
12/1/2010,0.2458687239,0.1878230412,0.1919476648
12/2/2010,0.0711299487,0.0803818626,0.0675611061
12/3/2010,-0.142903094,-0.14829169,-0.16582871
12/6/2010,0.254888978,0.2810624385,0.2053552195
12/7/2010,0.2933358179,0.2552913578,0.2574820804
12/8/2010,-0.061256786,-0.016972074,-0.010386363
12/9/2010,0.0692866031,0.0987355156,0.01499073
12/10/2010,-0.110115338,-0.143224879,-0.106672825
12/13/2010,-0.02478085,-0.021696902,-0.075996231
12/14/2010,-0.118980439,-0.164146267,-0.185024644
12/15/2010,0.158677138,0.1847003772,0.2513147622
12/16/2010,-0.216557064,-0.245466902,-0.247469703
12/17/2010,0.0929564683,0.0478160875,0.0580229282
12/20/2010,-0.773096787,-0.804964375,-0.734232857
12/21/2010,-0.431963065,-0.447487127,-0.470532001
12/22/2010,-0.045731564,-0.124931547,-0.068308713
12/23/2010,-0.885667107,-0.762718283,-0.80352362
12/27/2010,-0.313846253,-0.35534471,-0.261294991
12/28/2010,0.6785396815,0.6898989881,0.7937722724
12/29/2010,0.2100453596,0.2065399664,0.1897244122
12/30/2010,0.1263788051,0.1369011016,0.00434769
12/31/2010,-0.280501915,-0.208628411,-0.388271638
1/3/2011,1.65607967700041,1.72139782458273,1.73006233266638
1/4/2011,0.2418001114,0.2316156739,0.193053989
1/5/2011,-0.038216508,-0.027954906,-0.02526583
1/6/2011,-0.019660279,0.0027534123,-0.051152501
1/7/2011,0.0480464713,0.0550346635,0.0919984299
1/10/2011,-0.707693721,-0.780892019,-0.819301151
1/11/2011,-0.24788057,-0.284672057,-0.277723851
1/12/2011,-0.202792144,-0.103936332,-0.117934571
1/13/2011,0.4795892881,0.550647618,0.6502525114
1/14/2011,0.0225407265,-0.068397844,-0.078351072
1/18/2011,0.5814302488,0.5805052922,0.5674979833
1/19/2011,0.0342978191,0.0622832231,0.0399422395
1/20/2011,-0.153895008,-0.12228212,-0.172588505
1/21/2011,-0.045296172,-0.01611512,0.0700748207
1/24/2011,0.1438569145,0.080697744,0.0373122326
1/25/2011,0.0641715261,0.0306011231,0.0733929378
1/26/2011,-0.243524966,-0.17729046,-0.215146922
1/27/2011,-0.147610411,-0.181631558,-0.185418495
1/28/2011,0.2487953226,0.2421829907,0.2557086256
1/31/2011,-0.113061762,-0.096576197,-0.08368332
2/1/2011,-0.731114585,-0.70653202,-0.644495253
2/2/2011,-0.402175661,-0.381366115,-0.345738453
2/3/2011,0.5467957185,0.4887565033,0.3928952244
2/4/2011,0.2082731655,0.2331675863,0.2443753031
2/7/2011,-0.250234435,-0.320066036,-0.334360935
2/8/2011,0.1954487126,0.2064216162,0.2637614249
2/9/2011,-0.150335898,-0.100987964,-0.13482353
2/10/2011,-0.099795091,-0.070949676,-0.038828965
2/11/2011,0.0144599142,-0.004937184,-0.071665033
2/14/2011,-0.032619749,-0.087020931,-0.115424327
2/15/2011,0.0725955802,0.0512177127,0.1661974637
2/16/2011,-0.112209804,-0.093307623,-0.147044181
2/17/2011,0.0713211906,0.1502855,0.2065016911
2/18/2011,-0.07990131,-0.161003838,-0.192063884
2/22/2011,0.6514080681,0.5989592557,0.559648979
2/23/2011,0.0774497409,0.1685984465,0.1793210529
2/24/2011,-0.226719982,-0.252591239,-0.25872726
2/25/2011,-0.160499941,-0.14040288,-0.169752991
2/28/2011,0.0472794891,0.0401030099,0.1167594158
3/1/2011,0.1721487366,0.1353091356,0.1031954245
3/2/2011,0.123602421,0.125001349,0.1146391521
3/3/2011,-0.101787386,-0.088185688,-0.130529714
3/4/2011,0.0703666243,0.1090489488,0.1270417017
3/7/2011,0.2575434567,0.136125845,0.0900180421
3/8/2011,-0.146087953,-0.140894154,-0.072266851
3/9/2011,-0.027465583,0.0102345396,-0.028526629
3/10/2011,0.09626457,0.066620948,0.0826623079
3/11/2011,-0.281842281,-0.327436898,-0.391634438
3/14/2011,0.0568354706,0.1242041713,0.1243645695
3/15/2011,-0.047059574,-0.029853888,0.0098087055
3/16/2011,0.1534527764,0.1501826622,0.1600179929
3/17/2011,0.0373114537,0.0689905586,-0.019374267
3/18/2011,-0.019353504,-0.011427766,0.0035117112
3/21/2011,0.1151370207,0.1278944344,0.206705962
3/22/2011,-0.248702194,-0.208979084,-0.210532144
3/23/2011,-0.050893897,-0.094465514,-0.084908385
3/24/2011,0.0574418857,0.0384783263,0.0088864582
3/25/2011,0.0268508357,0.0940936911,0.0810113807
3/28/2011,0.4327823301,0.4023117779,0.3799184546
3/29/2011,-0.307893784,-0.311346571,-0.247521204
3/30/2011,0.0775155978,0.0778286585,0.0339818543
3/31/2011,-0.193956646,-0.154033295,-0.14432419
4/1/2011,0.0028735656791032,-0.0258909603592147,0.0321412853778966
4/4/2011,0.2564014166,0.2630101745,0.3932981306
4/5/2011,0.1996343145,0.1517458742,0.0872217208
4/6/2011,0.1286028551,0.0063302086,0.0779504463
4/7/2011,-0.175015714,-0.098259631,-0.144771302
4/8/2011,0.2343446037,0.2817378602,0.2108461715
4/11/2011,0.0863745082,0.0554849153,0.1909484376
4/12/2011,-0.10662335,-0.106353263,-0.054299819
4/13/2011,0.0237239352,0.0398553838,0.0062634044
4/14/2011,0.0798093429,0.0769383053,0.0673876632
4/15/2011,-0.000730666,-0.018011128,-0.033154544
4/18/2011,0.0051329956,-0.001934696,0.0170472325
4/19/2011,-0.030762654,-0.024687247,-0.104852129
4/20/2011,-0.264874157,-0.284100024,-0.347807045
4/21/2011,-0.320397932,-0.313834268,-0.244740993
4/25/2011,0.2381351992,0.1624821339,0.0884935527
4/26/2011,-0.1019132,-0.053955199,-0.034365075
4/27/2011,-0.233254797,-0.180364602,-0.158205503
4/28/2011,0.049864753,-0.023374973,-0.039947001
4/29/2011,-0.225298551,-0.259999254,-0.319732435
5/2/2011,0.0480265376,0.1331157475,0.0716766552
5/3/2011,0.0597578583,0.0389283038,0.1096355325
5/4/2011,0.1102420347,0.1002371882,0.0770731877
5/5/2011,0.2021054349,0.233911221,0.2215551071
5/6/2011,-0.125828994,-0.176358328,-0.181327777
5/9/2011,0.2474308926,0.2633325657,0.3078795883
5/10/2011,-0.341055778,-0.261814755,-0.272508086
5/11/2011,-0.038837455,-0.118611621,-0.076930092
5/12/2011,-0.084617741,-0.044701806,-0.063881435
5/13/2011,-0.102222243,-0.159568105,-0.166803782
5/16/2011,0.0777848676,0.0966288708,0.147320717
5/17/2011,-0.000696737,-0.001479551,-0.033123454
5/18/2011,-0.284880276,-0.258934788,-0.243165459
5/19/2011,0.0801973566,0.035628361,0.078641775
5/20/2011,-0.251382308,-0.219334649,-0.317422885
5/23/2011,0.1540054352,0.1368092899,0.177817731
5/24/2011,-0.010309695,0.0091270382,0.0214324345
5/25/2011,-0.171154503,-0.1940188,-0.169855873
5/26/2011,-0.152591423,-0.146484644,-0.07401422
5/27/2011,-0.036150768,-0.076584144,-0.167792497
5/31/2011,1.0847332166,1.1332408105,1.0951735225
6/1/2011,0.1096352191,0.1303096296,0.1992785713
6/2/2011,0.0427402358,-0.004683324,-0.02286262
6/3/2011,0.2197894273,0.2438452478,0.2131922367
6/6/2011,-0.359795128,-0.272398995,-0.243969644
6/7/2011,0.0360390559,-0.082518661,-0.13273629
6/8/2011,-0.082598432,-0.072861184,-0.061864671
6/9/2011,-0.097888315,-0.10897321,-0.122035385
6/10/2011,0.048449702,0.0476088385,0.0805240213
6/13/2011,0.2009278724,0.1921821156,0.1653783901
6/14/2011,0.0981746725,0.0827015617,0.0735425228
6/15/2011,-0.049702229,-0.092495428,-0.11698916
6/16/2011,-0.145508637,-0.092085731,-0.065815784
6/17/2011,0.2228256391,0.1750023987,0.1988117035
6/20/2011,-0.362874159,-0.306949308,-0.294903232
6/21/2011,-0.065323404,-0.05813082,-0.060174227
6/22/2011,0.1352826587,0.1162214014,0.1535607875
6/23/2011,0.1304438341,0.0715024456,0.0043129153
6/24/2011,0.1040972005,0.1519887648,0.1946039832
6/27/2011,-0.157141977,-0.076305342,-0.111120674
6/28/2011,0.0615887869,-0.010975621,0.0161585907
6/29/2011,0.0460048521,0.0530716033,0.100298657
6/30/2011,-0.163070102,-0.179365052,-0.240010419
7/1/2011,-0.158025536449316,-0.124983901860443,-0.157482604703534
7/5/2011,0.3410290766,0.349802547,0.3687092047
7/6/2011,0.3070548979,0.3390021048,0.4110295413
7/7/2011,-0.031848901,0.028883396,0.0765140781
7/8/2011,0.477323931,0.4460359775,0.3557309909
7/11/2011,-0.046887232,-0.100070904,-0.082886897
7/12/2011,-0.177472446,-0.19936337,-0.162623033
7/13/2011,0.087653435,0.0906030938,-0.011570837
7/14/2011,-0.079676613,-0.010181312,0.0103139836
7/15/2011,-0.096931949,-0.074497854,-0.048869269
7/18/2011,0.4294391319,0.3906298721,0.346543386
7/19/2011,-0.117893918,-0.1743538,-0.171561927
7/20/2011,-0.376103906,-0.30097595,-0.268541712
7/21/2011,0.0496515118,0.0842905468,0.0746477238
7/22/2011,0.0795262456,0.1627879782,0.0905142607
7/25/2011,0.1635754837,0.07984935,0.1714536984
7/26/2011,-0.047546332,0.0050609874,-0.009239921
7/27/2011,0.1368021708,0.0691954853,0.0547103696
7/28/2011,-0.151309628,-0.104850593,-0.13855654
7/29/2011,0.2546752766,0.2605925805,0.1787304232
8/1/2011,-0.236528765,-0.320553972,-0.180092373
8/2/2011,0.0817853066,0.0439684004,-0.003557806
8/3/2011,-0.046317893,-0.063720892,-0.03842978
8/4/2011,0.440158022,0.4166713962,0.3495219852
8/5/2011,0.1647096356,0.1948309541,0.2054291762
8/8/2011,0.5950152062,0.4576598053,0.3506881873
8/9/2011,-0.162315142,-0.108280511,-0.055845249
8/10/2011,-0.527616604,-0.532343389,-0.484017184
8/11/2011,-0.134978392,-0.070224611,-0.072841576
8/12/2011,-0.360038207,-0.274004539,-0.218410452
8/15/2011,-0.425130543,-0.439334612,-0.407708008
8/16/2011,0.1007622449,0.0134886253,-0.0193863
8/17/2011,0.0063848163,0.0330258197,0.0467620776
8/18/2011,0.3446413648,0.3267344019,0.3808824968
8/19/2011,0.327107303,0.3371538181,0.1954277312
8/22/2011,-0.550102068,-0.548250257,-0.458111268
8/23/2011,-0.352928488,-0.349948005,-0.347293132
8/24/2011,0.2770892337,0.2975058884,0.225887891
8/25/2011,-0.06621836,-0.117125528,-0.071563774
8/26/2011,-0.067335018,-0.018300417,-0.061225973
8/29/2011,-0.133472798,-0.1595431,-0.135610589
8/30/2011,0.1533029273,0.1816180182,0.2373804161
8/31/2011,0.052089492,0.0758321469,0.0866629723
9/1/2011,-0.093810676,-0.067225507,-0.085425846
9/2/2011,0.159032798,0.0521385039,0.0007253022
9/6/2011,0.7653252762,0.8685122625,0.8167656919
9/7/2011,0.0738383479,0.0861579233,0.1483815411
9/8/2011,-0.203088573,-0.202602108,-0.180754232
9/9/2011,-0.103758696,-0.048082234,-0.070311358
9/12/2011,0.0400894638,-0.008977696,0.0115831052
9/13/2011,0.0668898795,0.007987372,-0.007599272
9/14/2011,-0.034728853,-0.037843884,-0.077797811
9/15/2011,-0.316528815,-0.284224886,-0.263330689
9/16/2011,0.1109411426,0.0673849295,0.0584885599
9/19/2011,-0.129600857,-0.094744202,-0.05622372
9/20/2011,-0.195662033,-0.173049168,-0.131403938
9/21/2011,0.029306984,-0.01323159,-0.02453409
9/22/2011,0.3556315177,0.3097401318,0.2154417027
9/23/2011,-0.160832246,-0.157902409,-0.146105577
9/26/2011,0.2511317444,0.2785966387,0.2816126
9/27/2011,-0.389163139,-0.403634963,-0.317715428
9/28/2011,-0.314614773,-0.303425182,-0.252442639
9/29/2011,-0.146166675,-0.146159454,-0.193238655
9/30/2011,-0.130553039,-0.069656528,-0.071037815
10/3/2011,0.294379040314455,0.314507384784182,0.359974557125961
10/4/2011,-0.233174314,-0.277236694,-0.313611179
10/5/2011,0.0307524436,-0.02696062,0.0616212774
10/6/2011,0.014174017,0.0094151388,-0.066707313
10/7/2011,-0.142523272,-0.090050611,-0.045561323
10/10/2011,-0.05168407,-0.061038944,-0.057281029
10/11/2011,0.0001368965,0.0368025616,0.0630254602
10/12/2011,-0.083733345,-0.124479582,-0.006128087
10/13/2011,0.2164585215,0.1689971195,0.1105880002
10/14/2011,-0.456925237,-0.341110141,-0.40063879
10/17/2011,0.5201763893,0.5399506514,0.5838783168
10/18/2011,-0.167748696,-0.15347788,-0.207509174
10/19/2011,-0.066210636,-0.060381541,-0.000457699
10/20/2011,-0.029081777,-0.013373202,-0.030860267
10/21/2011,-0.07157077,0.0081488254,0.0137612513
10/24/2011,0.3666056322,0.4132780115,0.3811019917
10/25/2011,0.0030350153,-0.110253982,-0.101744164
10/26/2011,-0.152431398,-0.1369883,-0.145869051
10/27/2011,0.0494848581,0.0453987178,0.0479013145
10/28/2011,-0.369436564,-0.276059299,-0.27714424
10/31/2011,0.1146258248,0.212741509,0.2801850743
11/1/2011,0.4266834182,0.2608894534,0.171665093
11/2/2011,0.0182146535,-0.053461823,-0.019759445
11/3/2011,-0.161048851,-0.107769091,-0.079082206
11/4/2011,-0.118069118,-0.010778544,-0.058669303
11/7/2011,0.077653213,0.0078548079,0.0298329189
11/8/2011,0.0856738146,-0.160880845,-0.107616972
11/9/2011,0.0868017921,0.0740959842,0.0229594275
11/10/2011,-0.151507701,-0.136061081,-0.08310418
11/11/2011,-0.656799899,-0.632915934,-0.665019657
11/14/2011,0.7131129823,0.688603465,0.6649731321
11/15/2011,-0.110235649,-0.127816482,-0.044042908
11/16/2011,0.0585778096,0.1078187768,0.0238649323
11/17/2011,0.0425155652,0.0226643216,0.1332574202
11/18/2011,-0.090965838,-0.023357275,-0.024409209
11/21/2011,-0.181861857,-0.218824254,-0.283756036
11/22/2011,-0.42306929,-0.461247706,-0.465774997
11/23/2011,-1.247208742,-1.25265801,-1.280907717
11/25/2011,-1.127334213,-0.932818978,-1.028065974
11/28/2011,2.7011868997,2.56130611,2.6740699966
11/29/2011,0.5761232647,0.5459617537,0.5678531666
11/30/2011,0.1062806483,0.1193911085,0.13485673
12/1/2011,-0.196616404,-0.165194352,-0.234537388
12/2/2011,0.1268772038,0.186616563,0.2465651916
12/5/2011,0.067777084,0.0262328986,-0.064526117
12/6/2011,0.0930805591,0.115086312,0.0677185695
12/7/2011,-0.15251204,-0.106997787,-0.076849802
12/8/2011,0.1688438116,0.0818134274,0.038781767
12/9/2011,0.0354884882,0.060743215,0.0552748871
12/12/2011,0.1526801181,0.0858001181,-0.006324934
12/13/2011,0.0484238867,0.0421742895,0.0870162592
12/14/2011,0.1073878032,0.093110829,0.0746489978
12/15/2011,0.0578313216,0.0462451707,0.0415937999
12/16/2011,-0.409587306,-0.347579787,-0.343172865
12/19/2011,-0.638749272,-0.575037987,-0.564973705
12/20/2011,-0.186956334,-0.214178758,-0.150576787
12/21/2011,-0.21232262,-0.156653768,-0.156742233
12/22/2011,-0.322978884,-0.350841454,-0.334686699
12/23/2011,-0.238514701,-0.189614656,-0.314051264
12/27/2011,0.6681599557,0.8548235113,1.0539214586
12/28/2011,0.3842212088,0.3603784935,0.3517275141
12/29/2011,0.2975881015,0.3773730239,0.3025027885
12/30/2011,0.341261864,0.2903693357,0.3535819831
